Country_Name,Country_Code,Year,GDP_per_Capita_USD,Population,Life_Expectancy_WB
Afghanistan,AFG,2015,565.569730408751,33831764.0,62.27
Afghanistan,AFG,2016,522.082215583898,34700612.0,62.646
Afghanistan,AFG,2017,525.469770891619,35688935.0,62.406
Afghanistan,AFG,2018,491.337221382603,36743039.0,62.443
Afghanistan,AFG,2019,496.6025042585,37856121.0,62.941
Africa Eastern and Southern,AFE,2015,1498.8752400759,607123269.0,61.713030523495
Africa Eastern and Southern,AFE,2016,1334.47050032928,623369401.0,62.1679813169199
Africa Eastern and Southern,AFE,2017,1528.10422421284,640058741.0,62.5912750961501
Africa Eastern and Southern,AFE,2018,1552.07372194919,657801085.0,63.3306913582336
Africa Eastern and Southern,AFE,2019,1507.08559963484,675950189.0,63.8572612837043
Africa Western and Central,AFW,2015,1860.72768628324,418127845.0,56.0383356484355
Africa Western and Central,AFW,2016,1630.03943895258,429454743.0,56.3924518507367
Africa Western and Central,AFW,2017,1574.23056437855,440882906.0,56.6264388112566
Africa Western and Central,AFW,2018,1720.14009242722,452195915.0,57.036976441386
Africa Western and Central,AFW,2019,2216.38505520833,463365429.0,57.1498467555118
Albania,ALB,2015,4199.53912925398,2731293.0,78.358
Albania,ALB,2016,4457.63412207495,2689469.0,78.643
Albania,ALB,2017,5006.36012951959,2648285.0,78.9
Albania,ALB,2018,5897.65452588774,2607733.0,79.238
Albania,ALB,2019,6069.43903131027,2567801.0,79.467
Algeria,DZA,2015,4685.05902729002,40019529.0,75.159
Algeria,DZA,2016,4424.98529027556,40850721.0,75.31
Algeria,DZA,2017,4554.66753957828,41689299.0,75.431
Algeria,DZA,2018,4577.21029180491,42505035.0,75.555
Algeria,DZA,2019,4468.45341883656,43294546.0,75.682
American Samoa,ASM,2015,12727.4102651386,52878.0,72.654
American Samoa,ASM,2016,12843.3342903627,52245.0,72.64
American Samoa,ASM,2017,11863.6839452565,51586.0,72.801
American Samoa,ASM,2018,12552.0546868861,50908.0,72.794
American Samoa,ASM,2019,12886.1359517218,50209.0,72.751
Andorra,AND,2015,38654.95287916,72174.0,84.532
Andorra,AND,2016,40129.8385811474,72181.0,84.489
Andorra,AND,2017,40672.9717424447,73763.0,84.359
Andorra,AND,2018,42819.7577456133,75162.0,84.242
Andorra,AND,2019,41257.816459345,76474.0,84.098
Angola,AGO,2015,3641.72893919944,28157798.0,61.042
Angola,AGO,2016,2051.81462126253,29183070.0,61.619
Angola,AGO,2017,2790.71886869768,30234839.0,62.122
Angola,AGO,2018,2860.0936483682,31297155.0,62.622
Angola,AGO,2019,2493.67884440177,32375632.0,63.051
Antigua and Barbuda,ATG,2015,16077.6340769406,89409.0,76.892
Antigua and Barbuda,ATG,2016,16556.8551801588,89969.0,76.968
Antigua and Barbuda,ATG,2017,16965.7288273816,90468.0,77.03
Antigua and Barbuda,ATG,2018,18273.4270684912,90926.0,77.132
Antigua and Barbuda,ATG,2019,18896.3721832248,91364.0,77.168
Arab World,ARB,2015,6290.55879501691,410190679.0,70.6580123695192
Arab World,ARB,2016,6042.19675439671,419808341.0,70.8964881164428
Arab World,ARB,2017,6096.72395041636,428315886.0,71.1128560080646
Arab World,ARB,2018,6699.18058175457,435998060.0,71.4312997859137
Arab World,ARB,2019,6674.34224402621,444281315.0,71.8398932674972
Argentina,ARG,2015,13679.6264980954,43477012.0,76.6
Argentina,ARG,2016,12699.9623137756,43900313.0,76.105
Argentina,ARG,2017,14532.5009308511,44288894.0,76.543
Argentina,ARG,2018,11752.7998922979,44654882.0,76.77
Argentina,ARG,2019,9955.97478680428,44973465.0,76.847
Armenia,ARM,2015,3512.39350276709,3004600.0,74.8707317073171
Armenia,ARM,2016,3524.42476874707,2992300.0,74.8682926829268
Armenia,ARM,2017,3869.05373867752,2979400.0,75.2170731707317
Armenia,ARM,2018,4196.00562301769,2969000.0,75.619512195122
Armenia,ARM,2019,4597.22887399548,2962500.0,76.2219512195122
Aruba,ABW,2015,27458.2201537506,107906.0,75.405
Aruba,ABW,2016,27441.5502144601,108727.0,75.54
Aruba,ABW,2017,28440.0416881491,108735.0,75.62
Aruba,ABW,2018,30082.1584226798,108908.0,75.88
Aruba,ABW,2019,30645.8906024548,109203.0,76.019
Australia,AUS,2015,56970.3613028094,23815995.0,82.4
Australia,AUS,2016,50084.4440606385,24190907.0,82.4487804878049
Australia,AUS,2017,54117.547718609,24592588.0,82.5
Australia,AUS,2018,57410.1737346009,24963258.0,82.7487804878049
Australia,AUS,2019,55194.7585097428,25334826.0,82.9
Austria,AUT,2015,43915.228020857,8642699.0,81.190243902439
Austria,AUT,2016,45061.4993920192,8736668.0,81.6414634146342
Austria,AUT,2017,47163.7425775142,8797566.0,81.6439024390244
Austria,AUT,2018,51194.0749841299,8840521.0,81.6926829268293
Austria,AUT,2019,49885.9947355204,8879920.0,81.8951219512195
Azerbaijan,AZE,2015,5500.50364628486,9649341.0,72.349
Azerbaijan,AZE,2016,3880.6852276838,9757812.0,72.568
Azerbaijan,AZE,2017,4147.1981423222,9854033.0,72.694
Azerbaijan,AZE,2018,4739.7943123408,9939771.0,73.016
Azerbaijan,AZE,2019,4805.75371765917,10024283.0,73.29
"Bahamas, The",BHS,2015,30719.405417469,385346.0,73.805
"Bahamas, The",BHS,2016,30616.5363157284,388055.0,74.042
"Bahamas, The",BHS,2017,31875.4881749619,390485.0,74.031
"Bahamas, The",BHS,2018,32642.3353203452,392717.0,74.062
"Bahamas, The",BHS,2019,33640.3369861278,394675.0,71.408
Bahrain,BHR,2015,23734.0551143019,1370322.0,80.338
Bahrain,BHR,2016,23800.001440631,1423726.0,80.407
Bahrain,BHR,2017,24784.7693514607,1501116.0,80.407
Bahrain,BHR,2018,26324.4066549559,1503091.0,80.412
Bahrain,BHR,2019,27259.7438599327,1483756.0,80.471
Bangladesh,BGD,2015,1224.38647668165,159383179.0,70.543
Bangladesh,BGD,2016,1649.28380858601,160811932.0,71.075
Bangladesh,BGD,2017,1811.08221668646,162186147.0,71.606
Bangladesh,BGD,2018,1965.24372731467,163523103.0,72.122
Bangladesh,BGD,2019,2129.79896954606,164913055.0,72.625
Barbados,BRB,2015,20424.2087530019,278990.0,76.055
Barbados,BRB,2016,20295.5672072046,279598.0,76.168
Barbados,BRB,2017,20284.5762052461,280171.0,76.237
Barbados,BRB,2018,21381.2426303209,280711.0,76.378
Barbados,BRB,2019,21912.1501242857,281207.0,76.495
Belarus,BLR,2015,5967.05595058777,9461076.0,73.6243902439025
Belarus,BLR,2016,5039.77560949445,9469379.0,73.8268292682927
Belarus,BLR,2017,5785.54491935194,9458989.0,74.1292682926829
Belarus,BLR,2018,6360.037502312,9438785.0,74.1756097560976
Belarus,BLR,2019,6837.77339645635,9419758.0,74.2268292682927
Belgium,BEL,2015,40893.804537772,11274196.0,80.9926829268293
Belgium,BEL,2016,41854.5498296444,11331422.0,81.4390243902439
Belgium,BEL,2017,44035.3239358548,11375158.0,81.4926829268293
Belgium,BEL,2018,47487.2100392561,11427054.0,81.5951219512195
Belgium,BEL,2019,46716.6227467964,11488980.0,81.9951219512195
Belize,BLZ,2015,6154.62264230369,356333.0,71.647
Belize,BLZ,2016,6140.86713919469,364705.0,71.843
Belize,BLZ,2017,6071.85451846453,373202.0,72.062
Belize,BLZ,2018,6011.99036888587,380226.0,72.322
Belize,BLZ,2019,6171.61449761423,385829.0,72.577
Benin,BEN,2015,1002.41886879614,11360681.0,59.123
Benin,BEN,2016,1010.5338961993,11697842.0,59.283
Benin,BEN,2017,1054.97408066814,12039780.0,59.528
Benin,BEN,2018,1151.7409703472,12383347.0,59.71
Benin,BEN,2019,1130.82135339795,12726755.0,59.888
Bermuda,BMU,2015,104855.366822135,63464.0,80.338
Bermuda,BMU,2016,108747.356144305,63449.0,80.476
Bermuda,BMU,2017,112339.425587467,63578.0,80.686
Bermuda,BMU,2018,113204.82210838,63831.0,80.986
Bermuda,BMU,2019,115798.040775578,64107.0,81.251
Bhutan,BTN,2015,2954.04081911097,740618.0,70.797
Bhutan,BTN,2016,3152.30905106786,747866.0,71.119
Bhutan,BTN,2017,3435.28804735662,754335.0,71.413
Bhutan,BTN,2018,3400.20417245342,759759.0,71.711
Bhutan,BTN,2019,3576.87987100503,764824.0,72.005
Bolivia,BOL,2015,2996.01289811344,11014705.0,67.205
Bolivia,BOL,2016,3035.87347732132,11180020.0,67.392
Bolivia,BOL,2017,4048.40119739839,11344587.0,67.536
Bolivia,BOL,2018,4206.8552936661,11508368.0,67.699
Bolivia,BOL,2019,4203.15492855788,11671386.0,67.82
Bosnia and Herzegovina,BIH,2015,4662.25869219448,3518541.0,77.073
Bosnia and Herzegovina,BIH,2016,4928.5665903114,3473003.0,77.124
Bosnia and Herzegovina,BIH,2017,5345.01978766473,3428682.0,77.385
Bosnia and Herzegovina,BIH,2018,6047.84707207392,3387000.0,77.942
Bosnia and Herzegovina,BIH,2019,6122.37541352353,3345533.0,77.394
Botswana,BWA,2015,6141.20394726616,2203273.0,63.215
Botswana,BWA,2016,6749.05994339013,2234776.0,64.32
Botswana,BWA,2017,7104.96401088027,2266747.0,65.42
Botswana,BWA,2018,7407.95940141786,2299141.0,66.371
Botswana,BWA,2019,7172.08956480028,2332083.0,67.167
Brazil,BRA,2015,8936.1955889444,201675532.0,75.106
Brazil,BRA,2016,8836.28546025694,203218114.0,75.081
Brazil,BRA,2017,10080.5078722821,204703445.0,75.383
Brazil,BRA,2018,9300.66072904004,206107261.0,75.633
Brazil,BRA,2019,9029.83304401079,207455459.0,75.809
British Virgin Islands,VGB,2015,,34498.0,76.558
British Virgin Islands,VGB,2016,,33878.0,76.624
British Virgin Islands,VGB,2017,,32699.0,75.67
British Virgin Islands,VGB,2018,,34657.0,76.728
British Virgin Islands,VGB,2019,,36395.0,76.845
Brunei Darussalam,BRN,2015,30625.1287744656,422212.0,74.88
Brunei Darussalam,BRN,2016,26663.2972950602,427564.0,74.905
Brunei Darussalam,BRN,2017,28024.3824580252,432772.0,74.943
Brunei Darussalam,BRN,2018,30988.1190267227,437810.0,74.992
Brunei Darussalam,BRN,2019,30426.5730656528,442680.0,75.049
Bulgaria,BGR,2015,7268.65445473873,6984225.0,74.6146341463415
Bulgaria,BGR,2016,7822.49923292968,6894139.0,74.8121951219512
Bulgaria,BGR,2017,8696.68930427924,6803468.0,74.8146341463415
Bulgaria,BGR,2018,9849.38397225174,6710798.0,74.9634146341464
Bulgaria,BGR,2019,10353.7204584127,6616726.0,75.1121951219512
Burkina Faso,BFA,2015,630.124750752312,18777487.0,58.778
Burkina Faso,BFA,2016,663.742364842886,19334856.0,59.173
Burkina Faso,BFA,2017,709.091535894695,19894407.0,59.578
Burkina Faso,BFA,2018,777.465618514048,20438288.0,59.972
Burkina Faso,BFA,2019,764.853077774946,20961952.0,60.184
Burundi,BDI,2015,254.402585226788,11047580.0,60.107
Burundi,BDI,2016,232.937812100153,11239451.0,60.789
Burundi,BDI,2017,246.060725714184,11506762.0,61.345
Burundi,BDI,2018,245.661678332009,11859446.0,61.806
Burundi,BDI,2019,234.31061590725,12255336.0,62.18
Cabo Verde,CPV,2015,3415.06266730931,512394.0,74.096
Cabo Verde,CPV,2016,3608.96605234906,512554.0,74.35
Cabo Verde,CPV,2017,3893.09571382506,512893.0,74.71
Cabo Verde,CPV,2018,4294.96510035729,513415.0,74.84
Cabo Verde,CPV,2019,4380.78117331128,514104.0,75.449
Cambodia,KHM,2015,1547.32010444393,15623251.0,69.398
Cambodia,KHM,2016,1675.19555711109,15852803.0,69.635
Cambodia,KHM,2017,1826.35391688754,16073372.0,69.842
Cambodia,KHM,2018,2036.67377566578,16274522.0,69.993
Cambodia,KHM,2019,2225.87705485686,16481304.0,70.127
Cameroon,CMR,2015,1415.00009710569,22763414.0,59.687
Cameroon,CMR,2016,1441.7201725688,23454161.0,60.293
Cameroon,CMR,2017,1496.08951771242,24128601.0,60.817
Cameroon,CMR,2018,1610.69641591017,24806383.0,61.189
Cameroon,CMR,2019,1555.22660476477,25506095.0,61.695
Canada,CAN,2015,43594.1941045394,35704498.0,81.8258536585366
Canada,CAN,2016,42314.0615817218,36110803.0,81.94
Canada,CAN,2017,45129.628116623,36545075.0,81.8129268292683
Canada,CAN,2018,46539.1761570405,37072620.0,81.8087804878049
Canada,CAN,2019,46352.8693445211,37618495.0,82.1636585365854
Caribbean small states,CSS,2015,14497.5393236017,4314191.0,71.8641021665476
Caribbean small states,CSS,2016,13376.8057759012,4341333.0,72.0516361154512
Caribbean small states,CSS,2017,13671.1377634132,4366140.0,72.1731041595093
Caribbean small states,CSS,2018,13896.7409040963,4407658.0,72.2210854022703
Caribbean small states,CSS,2019,13995.8548364074,4443134.0,72.1292604830284
Cayman Islands,CYM,2015,76379.2098777987,61642.0,78.119
Cayman Islands,CYM,2016,77802.2535658023,63100.0,78.367
Cayman Islands,CYM,2017,80053.9442657031,64535.0,78.615
Cayman Islands,CYM,2018,83865.5540393356,65941.0,78.835
Cayman Islands,CYM,2019,88254.2902486867,67327.0,79.052
Central African Republic,CAF,2015,366.322853938121,4629320.0,51.934
Central African Republic,CAF,2016,387.176203444318,4713663.0,50.999
Central African Republic,CAF,2017,432.324025684263,4793511.0,45.231
Central African Republic,CAF,2018,455.243962859534,4878657.0,52.297
Central African Republic,CAF,2019,449.228467602439,4944703.0,31.53
Central Europe and the Baltics,CEB,2015,12596.8862547468,102973167.0,76.5755119772504
Central Europe and the Baltics,CEB,2016,12874.699956166,102647939.0,76.9703062304413
Central Europe and the Baltics,CEB,2017,14339.8243059389,102337501.0,76.929788715597
Central Europe and the Baltics,CEB,2018,16227.2484719489,102074201.0,76.9764380835075
Central Europe and the Baltics,CEB,2019,16534.9264870407,101864274.0,77.2659141936307
Chad,TCD,2015,993.990730610869,14647621.0,51.32
Chad,TCD,2016,861.831767630746,15114655.0,51.603
Chad,TCD,2017,854.46120040098,15622759.0,51.875
Chad,TCD,2018,948.656629871231,16156531.0,52.447
Chad,TCD,2019,893.336441643325,16685223.0,52.993
Channel Islands,CHI,2015,61847.8212238857,163454.0,81.4
Channel Islands,CHI,2016,55947.579811974,163883.0,81.2
Channel Islands,CHI,2017,55806.3554257428,164319.0,81.0
Channel Islands,CHI,2018,60784.8125397162,164949.0,81.1
Channel Islands,CHI,2019,60564.6293993681,165639.0,81.2
Chile,CHL,2015,13433.9202987032,18047625.0,80.008
Chile,CHL,2016,13649.8520452803,18267221.0,80.295
Chile,CHL,2017,14879.9086227187,18558868.0,80.61
Chile,CHL,2018,15659.4808675628,18893191.0,80.559
Chile,CHL,2019,14495.716721687,19197744.0,80.324
China,CHN,2015,8175.33285077393,1379860000.0,76.975
China,CHN,2016,8254.86859320357,1387790000.0,77.214
China,CHN,2017,8979.67652709856,1396215000.0,77.235
China,CHN,2018,10085.6638148819,1402760000.0,77.709
China,CHN,2019,10342.9009524335,1407745000.0,77.94
Colombia,COL,2015,6248.51490534512,46969940.0,76.067
Colombia,COL,2016,5959.84250367574,47437512.0,76.228
Colombia,COL,2017,6479.53231292429,48131078.0,76.418
Colombia,COL,2018,6816.96818309544,49024465.0,76.579
Colombia,COL,2019,6472.54544924705,49907985.0,76.793
Comoros,COM,2015,1329.37048235986,726682.0,64.473
Comoros,COM,2016,1365.48403444497,741741.0,64.792
Comoros,COM,2017,1423.9248027797,756669.0,65.127
Comoros,COM,2018,1527.40527125285,771590.0,65.401
Comoros,COM,2019,1510.23218151592,786578.0,65.662
"Congo, Dem. Rep.",COD,2015,495.826633014883,81035531.0,58.658
"Congo, Dem. Rep.",COD,2016,459.765036590388,83956415.0,59.081
"Congo, Dem. Rep.",COD,2017,431.052559128788,87083398.0,59.495
"Congo, Dem. Rep.",COD,2018,518.169626875371,90047644.0,59.926
"Congo, Dem. Rep.",COD,2019,504.00419142286,92947442.0,60.242
"Congo, Rep.",COG,2015,2439.35189403696,5097581.0,63.662
"Congo, Rep.",COG,2016,2093.10728558843,5222536.0,63.911
"Congo, Rep.",COG,2017,2211.63309874797,5351011.0,64.203
"Congo, Rep.",COG,2018,2694.43413191427,5483118.0,64.472
"Congo, Rep.",COG,2019,2488.42466724916,5616661.0,63.152
Costa Rica,CRI,2015,11714.7105980732,4818038.0,80.407
Costa Rica,CRI,2016,12091.0301606154,4866998.0,79.988
Costa Rica,CRI,2017,12317.0902771304,4913177.0,79.994
Costa Rica,CRI,2018,12590.2493781614,4957818.0,80.09
Costa Rica,CRI,2019,12884.6859951989,4999553.0,80.296
Cote d'Ivoire,CIV,2015,1814.71855088017,25246342.0,58.281
Cote d'Ivoire,CIV,2016,1862.59597081287,25989405.0,58.814
Cote d'Ivoire,CIV,2017,1964.29930338343,26733372.0,59.315
Cote d'Ivoire,CIV,2018,2130.86619381144,27464173.0,59.795
Cote d'Ivoire,CIV,2019,2141.76836170115,28193009.0,60.274
Croatia,HRV,2015,12283.7840620053,4151725.0,77.2756097560976
Croatia,HRV,2016,12820.1653893008,4106867.0,77.9219512195122
Croatia,HRV,2017,13901.7878144679,4041407.0,77.7268292682927
Croatia,HRV,2018,15460.3669595491,3988775.0,77.919512195122
Croatia,HRV,2019,15563.5987295029,3949390.0,78.2243902439024
Cuba,CUB,2015,7727.91997207998,11275065.0,77.745
Cuba,CUB,2016,8110.55874283616,11265612.0,77.571
Cuba,CUB,2017,8610.60829605429,11247829.0,77.3
Cuba,CUB,2018,8911.46205998726,11227118.0,77.426
Cuba,CUB,2019,9232.26115935183,11202846.0,77.413
Curacao,CUW,2015,19361.8129630226,157980.0,76.482
Curacao,CUW,2016,18944.0962772875,159664.0,76.322
Curacao,CUW,2017,18938.2440965187,160175.0,76.423
Curacao,CUW,2018,19119.1244887029,159336.0,76.493
Curacao,CUW,2019,19220.6865793075,157441.0,76.492
Cyprus,CYP,2015,23088.44140625,1219502.0,81.464
Cyprus,CYP,2016,24280.056640625,1237112.0,81.534
Cyprus,CYP,2017,26247.44921875,1254275.0,81.543
Cyprus,CYP,2018,29120.375,1270737.0,81.556
Cyprus,CYP,2019,29227.173828125,1286671.0,81.454
Czechia,CZE,2015,17931.5987670768,10546059.0,78.5780487804878
Czechia,CZE,2016,18753.9686718096,10566332.0,79.0268292682927
Czechia,CZE,2017,20913.197632212,10594438.0,78.9780487804878
Czechia,CZE,2018,23705.9329811299,10629928.0,79.0292682926829
Czechia,CZE,2019,24062.7190013343,10671870.0,79.2292682926829
Denmark,DNK,2015,53094.0133607574,5683483.0,80.7024390243902
Denmark,DNK,2016,54500.9260410217,5728010.0,80.8536585365854
Denmark,DNK,2017,57521.5514992225,5764980.0,81.1024390243903
Denmark,DNK,2018,61324.7665045565,5793636.0,80.9536585365854
Denmark,DNK,2019,59404.2663247723,5814422.0,81.4512195121951
Djibouti,DJI,2015,2376.12554719873,1020313.0,62.833
Djibouti,DJI,2016,2510.4300076241,1037653.0,63.335
Djibouti,DJI,2017,2618.95521147369,1054841.0,63.71
Djibouti,DJI,2018,2718.08338799203,1071882.0,64.105
Djibouti,DJI,2019,2837.16902340932,1088709.0,64.381
Dominica,DMA,2015,8282.59874702141,70410.0,69.968
Dominica,DMA,2016,8802.56172041363,69606.0,71.189
Dominica,DMA,2017,8224.64896571414,68496.0,68.62
Dominica,DMA,2018,9215.3085405645,68174.0,71.378
Dominica,DMA,2019,9491.14995962374,67880.0,71.305
Dominican Republic,DOM,2015,6800.95309395474,10434829.0,72.982
Dominican Republic,DOM,2016,7160.44200982307,10551430.0,72.889
Dominican Republic,DOM,2017,7412.71571571512,10666843.0,73.37
Dominican Republic,DOM,2018,7882.98221584944,10782053.0,73.555
Dominican Republic,DOM,2019,8183.01623600375,10894043.0,73.112
Early-demographic dividend,EAR,2015,3174.36962020929,3190318707.0,69.6305484421664
Early-demographic dividend,EAR,2016,3223.9805446069,3233033717.0,69.9484837084835
Early-demographic dividend,EAR,2017,3457.64943157186,3274060446.0,70.2729949393554
Early-demographic dividend,EAR,2018,3463.50882263375,3314245247.0,70.5486659921503
Early-demographic dividend,EAR,2019,3483.31545469615,3355014793.0,70.8424064605001
East Asia & Pacific,EAS,2015,9691.70576095154,2300844269.0,75.7926010192992
East Asia & Pacific,EAS,2016,9965.00400107685,2317076058.0,75.9870166732102
East Asia & Pacific,EAS,2017,10566.2828244863,2333475520.0,76.0789923585537
East Asia & Pacific,EAS,2018,11438.8584591418,2347576325.0,76.3914229383171
East Asia & Pacific,EAS,2019,11622.8915284735,2359762190.0,76.5862412994962
East Asia & Pacific (IDA & IBRD countries),TEA,2015,6664.48834577557,2030504270.0,74.9777768374826
East Asia & Pacific (IDA & IBRD countries),TEA,2016,6758.74365728701,2045816761.0,75.1832269955477
East Asia & Pacific (IDA & IBRD countries),TEA,2017,7323.51364847919,2061449949.0,75.2671640185859
East Asia & Pacific (IDA & IBRD countries),TEA,2018,8136.37041895137,2074796982.0,75.6101241544347
East Asia & Pacific (IDA & IBRD countries),TEA,2019,8379.36503263574,2086281644.0,75.8042877234534
East Asia & Pacific (excluding high income),EAP,2015,6589.77076427461,2056050896.0,74.9511243848739
East Asia & Pacific (excluding high income),EAP,2016,6683.18386700353,2071486140.0,75.1559117663434
East Asia & Pacific (excluding high income),EAP,2017,7241.92533864361,2087238522.0,75.2396714880306
East Asia & Pacific (excluding high income),EAP,2018,8045.94630458507,2100698838.0,75.57828618156
East Asia & Pacific (excluding high income),EAP,2019,8286.3981179292,2112289891.0,75.7689690321509
Ecuador,ECU,2015,5976.1596805651,16266225.0,76.222
Ecuador,ECU,2016,5917.63771271481,16505139.0,76.094
Ecuador,ECU,2017,6233.32244797718,16759519.0,76.22
Ecuador,ECU,2018,6303.91886658338,17049547.0,77.248
Ecuador,ECU,2019,6205.05765246766,17340021.0,77.286
"Egypt, Arab Rep.",EGY,2015,3306.98159414141,99597342.0,70.135
"Egypt, Arab Rep.",EGY,2016,3270.6287768197,101644589.0,70.437
"Egypt, Arab Rep.",EGY,2017,2395.10333299491,103696057.0,70.709
"Egypt, Arab Rep.",EGY,2018,2484.70315630508,105682094.0,70.974
"Egypt, Arab Rep.",EGY,2019,2962.98892023003,107553158.0,71.213
El Salvador,SLV,2015,3790.34089108162,6183676.0,70.952
El Salvador,SLV,2016,3901.34014965811,6200800.0,70.908
El Salvador,SLV,2017,4020.12671373919,6213533.0,71.007
El Salvador,SLV,2018,4183.54620971358,6219807.0,71.384
El Salvador,SLV,2019,4320.11671534627,6222318.0,71.725
Equatorial Guinea,GNQ,2015,9068.91003238645,1453923.0,60.635
Equatorial Guinea,GNQ,2016,7453.19797948517,1508186.0,61.081
Equatorial Guinea,GNQ,2017,7809.10465655488,1562396.0,61.481
Equatorial Guinea,GNQ,2018,8102.47084834031,1616422.0,61.915
Equatorial Guinea,GNQ,2019,6804.14923073888,1670177.0,62.297
Eritrea,ERI,2015,,3105546.0,65.909
Eritrea,ERI,2016,,3124698.0,66.242
Eritrea,ERI,2017,,3150347.0,66.612
Eritrea,ERI,2018,,3192760.0,66.979
Eritrea,ERI,2019,,3240194.0,67.306
Estonia,EST,2015,17722.1557669523,1315407.0,77.590243902439
Estonia,EST,2016,18666.3736521706,1315790.0,77.6414634146342
Estonia,EST,2017,20851.5223496861,1317384.0,78.0926829268293
Estonia,EST,2018,23618.1361254581,1321977.0,78.2439024390244
Estonia,EST,2019,24021.2501413306,1326898.0,78.6463414634147
Eswatini,SWZ,2015,3419.82276559528,1142813.0,54.941
Eswatini,SWZ,2016,3238.17611961364,1149507.0,56.228
Eswatini,SWZ,2017,3853.09956569679,1158195.0,57.574
Eswatini,SWZ,2018,3972.65450620357,1168929.0,58.707
Eswatini,SWZ,2019,3913.14577547336,1179874.0,59.85
Ethiopia,ETH,2015,597.912113218663,103867135.0,63.592
Ethiopia,ETH,2016,641.651523286233,106718162.0,64.162
Ethiopia,ETH,2017,696.348429076216,109666481.0,64.766
Ethiopia,ETH,2018,739.702022272086,112664152.0,65.257
Ethiopia,ETH,2019,793.473247210264,115737383.0,65.741
Euro area,EMU,2015,34471.1747135027,343180482.0,81.5193991217567
Euro area,EMU,2016,35228.4854539428,344132977.0,81.9075874931284
Euro area,EMU,2017,37243.5651015997,344810179.0,81.8840085594743
Euro area,EMU,2018,40107.5362854643,345864630.0,82.0027602577719
Euro area,EMU,2019,39220.5136743355,346496601.0,82.2804211551829
Europe & Central Asia,ECS,2015,22702.8228380066,907527486.0,77.3309732346625
Europe & Central Asia,ECS,2016,22519.6408855547,911579016.0,77.681322731133
Europe & Central Asia,ECS,2017,23814.1197034605,915065824.0,77.899058722117
Europe & Central Asia,ECS,2018,25408.6379771601,918689254.0,78.0318800351487
Europe & Central Asia,ECS,2019,25020.8648271756,921932163.0,78.3039072023535
Europe & Central Asia (IDA & IBRD countries),TEC,2015,8009.61874995558,453662073.0,73.3408132950813
Europe & Central Asia (IDA & IBRD countries),TEC,2016,7659.54924391363,455913002.0,73.6902109808946
Europe & Central Asia (IDA & IBRD countries),TEC,2017,8575.46129195764,458010325.0,74.1318681774556
Europe & Central Asia (IDA & IBRD countries),TEC,2018,8911.87742979014,459946883.0,74.2976622013592
Europe & Central Asia (IDA & IBRD countries),TEC,2019,9058.74177112172,461933206.0,74.590946255432
Europe & Central Asia (excluding high income),ECA,2015,6291.45594655745,240083379.0,73.755408258866
Europe & Central Asia (excluding high income),ECA,2016,5986.89723080084,242224182.0,74.0313769065099
Europe & Central Asia (excluding high income),ECA,2017,6138.12063922999,244308649.0,74.4033539029016
Europe & Central Asia (excluding high income),ECA,2018,5996.28775888893,246400484.0,74.5927989243036
Europe & Central Asia (excluding high income),ECA,2019,6069.27407282315,248576676.0,74.8158340567546
European Union,EUU,2015,30771.6568591261,443793218.0,80.5708966220669
European Union,EUU,2016,31456.8971280656,444676652.0,80.9530808081627
European Union,EUU,2017,33394.5888043692,445321060.0,80.9303097853099
European Union,EUU,2018,36054.953230113,446329890.0,81.0317510064821
European Union,EUU,2019,35374.1403676934,446910453.0,81.3194524901835
Faroe Islands,FRO,2015,52637.1903526574,48899.0,81.7926829268293
Faroe Islands,FRO,2016,56875.2803813296,49464.0,81.9926829268293
Faroe Islands,FRO,2017,59387.353086482,50180.0,82.1439024390244
Faroe Islands,FRO,2018,62526.4908515743,50996.0,82.2926829268293
Faroe Islands,FRO,2019,63068.2872688483,51792.0,82.4439024390244
Fiji,FJI,2015,5097.53106864695,918578.0,66.48
Fiji,FJI,2016,5363.79026679243,919166.0,66.657
Fiji,FJI,2017,5826.84814459328,918759.0,67.06
Fiji,FJI,2018,6085.41979485376,917180.0,66.965
Fiji,FJI,2019,5842.07344577597,914899.0,67.009
Finland,FIN,2015,42560.3456767103,5479531.0,81.4804878048781
Finland,FIN,2016,43451.2562442158,5495303.0,81.4292682926829
Finland,FIN,2017,46085.0174739036,5508214.0,81.6317073170732
Finland,FIN,2018,49654.2497035329,5515525.0,81.7341463414634
Finland,FIN,2019,48358.1807773701,5521606.0,81.9829268292683
Fragile and conflict affected situations,FCS,2015,1663.16200127279,890869511.0,60.7449931085508
Fragile and conflict affected situations,FCS,2016,1491.08080315915,910836458.0,60.9861836667017
Fragile and conflict affected situations,FCS,2017,1549.60952933559,931222867.0,61.2296826870125
Fragile and conflict affected situations,FCS,2018,1634.92965875473,951851595.0,61.7825083062786
Fragile and conflict affected situations,FCS,2019,1861.65330453031,973035228.0,62.1379545505037
France,FRA,2015,36702.4323733379,66548272.0,82.3219512195122
France,FRA,2016,37024.2157133669,66724104.0,82.5731707317073
France,FRA,2017,38687.1626407164,66918020.0,82.5756097560976
France,FRA,2018,41418.1766484844,67158348.0,82.6756097560976
France,FRA,2019,40408.2848574751,67382061.0,82.8268292682927
French Polynesia,PYF,2015,19166.9594761931,277866.0,82.339
French Polynesia,PYF,2016,19690.0775734589,279178.0,82.555
French Polynesia,PYF,2017,20826.9312492172,280087.0,82.774
French Polynesia,PYF,2018,21925.616043938,279815.0,82.985
French Polynesia,PYF,2019,21582.5892046801,279034.0,83.195
Gabon,GAB,2015,7047.12654634355,2040989.0,66.336
Gabon,GAB,2016,6677.07003901644,2100306.0,66.583
Gabon,GAB,2017,6921.73373135624,2156900.0,66.816
Gabon,GAB,2018,7624.2775233771,2212318.0,67.043
Gabon,GAB,2019,7441.1786472281,2267706.0,67.337
"Gambia, The",GMB,2015,619.536364296461,2224529.0,62.971
"Gambia, The",GMB,2016,650.056501323611,2283769.0,63.386
"Gambia, The",GMB,2017,642.522641296331,2342189.0,63.708
"Gambia, The",GMB,2018,696.219806960615,2399632.0,64.034
"Gambia, The",GMB,2019,738.186751987483,2456844.0,64.427
Georgia,GEO,2015,4086.6223465965,3725276.0,73.241
Georgia,GEO,2016,4143.40125686315,3727505.0,73.136
Georgia,GEO,2017,4418.75206546679,3728004.0,73.435
Georgia,GEO,2018,4804.0546040444,3726549.0,73.985
Georgia,GEO,2019,4741.2832715876,3720161.0,74.165
Germany,DEU,2015,41929.7549110722,81686611.0,80.6414634146341
Germany,DEU,2016,42948.9381932694,82348669.0,80.990243902439
Germany,DEU,2017,45553.9341495339,82657002.0,80.9926829268293
Germany,DEU,2018,48916.1686612154,82905782.0,80.8926829268293
Germany,DEU,2019,47656.199739747,83092962.0,81.2926829268293
Ghana,GHA,2015,1722.77282833606,28696068.0,63.175
Ghana,GHA,2016,1912.47991339951,29356742.0,63.522
Ghana,GHA,2017,2012.28662641265,30008354.0,63.829
Ghana,GHA,2018,2195.32166016377,30637585.0,64.138
Ghana,GHA,2019,2186.65822682613,31258945.0,64.455
Gibraltar,GIB,2015,,33193.0,82.668
Gibraltar,GIB,2016,,33658.0,82.741
Gibraltar,GIB,2017,,34245.0,82.858
Gibraltar,GIB,2018,,34854.0,83.028
Gibraltar,GIB,2019,,35494.0,83.183
Greece,GRC,2015,17980.7298238137,10820883.0,81.0365853658537
Greece,GRC,2016,17919.2426377048,10775971.0,81.3878048780488
Greece,GRC,2017,18631.9930129293,10754679.0,81.2878048780488
Greece,GRC,2018,19873.4015238771,10732882.0,81.7878048780488
Greece,GRC,2019,19335.3602002969,10721582.0,81.6390243902439
Greenland,GRL,2015,44536.3549705377,56114.0,71.4790243902439
Greenland,GRL,2016,48181.7453541266,56186.0,71.8385365853659
Greenland,GRL,2017,50765.7494665372,56172.0,71.9321951219512
Greenland,GRL,2018,54545.135857765,56023.0,71.9675609756098
Greenland,GRL,2019,53309.2035905065,56225.0,71.9443902439024
Grenada,GRD,2015,8694.12438005692,114676.0,75.037
Grenada,GRD,2016,9221.23461079424,115130.0,75.01
Grenada,GRD,2017,9751.42661155932,115438.0,74.977
Grenada,GRD,2018,10083.021279225,115691.0,74.957
Grenada,GRD,2019,10462.7929159533,115981.0,74.971
Guam,GUM,2015,35165.7014644795,164905.0,76.444
Guam,GUM,2016,35930.6594898711,164233.0,76.449
Guam,GUM,2017,36779.0078903909,163490.0,76.463
Guam,GUM,2018,37195.9503070464,162679.0,76.561
Guam,GUM,2019,39274.9431424899,161808.0,76.645
Guatemala,GTM,2015,3893.50533299068,15971743.0,70.915
Guatemala,GTM,2016,4060.13784737643,16268760.0,71.215
Guatemala,GTM,2017,4324.99768915601,16567357.0,71.583
Guatemala,GTM,2018,4352.94593289707,16845685.0,71.496
Guatemala,GTM,2019,4511.99839552697,17103803.0,71.639
Guinea,GIN,2015,747.356966759448,11767070.0,57.899
Guinea,GIN,2016,711.996509782316,12073030.0,58.49
Guinea,GIN,2017,833.598621691121,12385659.0,58.715
Guinea,GIN,2018,933.273615633705,12704774.0,59.043
Guinea,GIN,2019,1031.34146480732,13034346.0,59.379
Guinea-Bissau,GNB,2015,645.066837207039,1786457.0,60.071
Guinea-Bissau,GNB,2016,679.665386626818,1831893.0,60.619
Guinea-Bissau,GNB,2017,783.123186602022,1877072.0,61.148
Guinea-Bissau,GNB,2018,808.531613218504,1922168.0,61.652
Guinea-Bissau,GNB,2019,811.216425885129,1967696.0,62.161
Guyana,GUY,2015,5640.41560569466,758781.0,67.719
Guyana,GUY,2016,5870.87823759835,763548.0,68.069
Guyana,GUY,2017,6178.6650437298,768479.0,68.543
Guyana,GUY,2018,6048.38697180418,791556.0,68.829
Guyana,GUY,2019,6405.82443444562,807665.0,69.067
Haiti,HTI,2015,1411.12684746796,10523242.0,63.224
Haiti,HTI,2016,1318.40268167953,10671457.0,63.325
Haiti,HTI,2017,1395.23945184461,10817754.0,63.832
Haiti,HTI,2018,1496.38048970156,10962362.0,64.077
Haiti,HTI,2019,1352.17204191532,11105163.0,64.328
Heavily indebted poor countries (HIPC),HPC,2015,917.296109229182,735429414.0,61.561793936137
Heavily indebted poor countries (HIPC),HPC,2016,894.708764701024,756895035.0,62.0038083727554
Heavily indebted poor countries (HIPC),HPC,2017,943.132832332498,779389964.0,62.3151956659401
Heavily indebted poor countries (HIPC),HPC,2018,985.478210719267,802020674.0,62.798544258222
Heavily indebted poor countries (HIPC),HPC,2019,983.900062178744,824649053.0,63.0898004183278
High income,,2015,36586.4346902662,1366013614.0,79.5243746206717
High income,,2016,37057.8096501124,1374284415.0,79.7243724353495
High income,,2017,38776.5615949516,1380319892.0,79.8538410660347
High income,,2018,41094.8560877186,1385103279.0,79.9668020572923
High income,,2019,41342.2066107349,1389770301.0,80.1994263126691
Honduras,HND,2015,2271.20265980349,9237305.0,71.323
Honduras,HND,2016,2307.34468351082,9412380.0,71.615
Honduras,HND,2017,2413.0076562942,9588137.0,71.805
Honduras,HND,2018,2464.64241531918,9765210.0,72.001
Honduras,HND,2019,2502.32744328073,9943633.0,72.124
"Hong Kong SAR, China",HKG,2015,42432.1619740441,7291300.0,84.2526829268293
"Hong Kong SAR, China",HKG,2016,43734.1980702999,7336600.0,84.2114634146342
"Hong Kong SAR, China",HKG,2017,46160.429791493,7393200.0,84.6956097560976
"Hong Kong SAR, China",HKG,2018,48537.5668888343,7452600.0,84.869756097561
"Hong Kong SAR, China",HKG,2019,48359.0011950597,7507900.0,85.1558536585366
Hungary,HUN,2015,12782.9412577973,9797755.0,75.5682926829269
Hungary,HUN,2016,13215.8605277789,9759755.0,76.0634146341464
Hungary,HUN,2017,14736.1668157258,9726756.0,75.8170731707317
Hungary,HUN,2018,16605.0570511887,9706964.0,76.0658536585366
Hungary,HUN,2019,17012.8598553199,9694824.0,76.3195121951219
IBRD only,IBD,2015,5546.04775275527,4676773551.0,73.0328490236397
IBRD only,IBD,2016,5534.81953332906,4721566970.0,73.2592309044272
IBRD only,IBD,2017,6053.30921793356,4765773411.0,73.4857607809887
IBRD only,IBD,2018,6394.19484299789,4806981820.0,73.794943952938
IBRD only,IBD,2019,6476.07259783679,4845075024.0,74.031271888226
IDA & IBRD total,IBT,2015,4474.43525326247,6280961830.0,70.371709207031
IDA & IBRD total,IBT,2016,4447.41739069513,6360153661.0,70.614038767053
IDA & IBRD total,IBT,2017,4831.93005964107,6440011821.0,70.8308848986919
IDA & IBRD total,IBT,2018,5085.50217477103,6518058354.0,71.1530074814471
IDA & IBRD total,IBT,2019,5167.89523774327,6594216452.0,71.3939237835386
IDA blend,IDB,2015,1947.85246838642,567234056.0,60.2944946354402
IDA blend,IDB,2016,1790.53787826053,578463670.0,60.5761664527178
IDA blend,IDB,2017,1804.50559433385,590024074.0,60.818392907263
IDA blend,IDB,2018,1869.38204447615,601951913.0,61.0740542759518
IDA blend,IDB,2019,2205.87361894796,614017319.0,61.3259973798573
IDA only,IDX,2015,1023.43894668408,1036954223.0,63.8821179927396
IDA only,IDX,2016,1054.10011053311,1060123021.0,64.3101407903027
IDA only,IDX,2017,1110.744251052,1084214336.0,64.6098588988294
IDA only,IDX,2018,1159.06134313704,1109124621.0,65.172890099339
IDA only,IDX,2019,1186.40559680864,1135124109.0,65.5828691146811
IDA total,IDA,2015,1350.30758062231,1604188279.0,62.6135498483383
IDA total,IDA,2016,1314.0817741131,1638586691.0,62.9919508459629
IDA total,IDA,2017,1355.23505457315,1674238410.0,63.2736954244909
IDA total,IDA,2018,1408.95016839901,1711076534.0,63.7309311828707
IDA total,IDA,2019,1544.27890067061,1749141428.0,64.0885399952044
Iceland,ISL,2015,53505.6964079339,330815.0,82.4682926829268
Iceland,ISL,2016,62854.0906407932,335439.0,82.2048780487805
Iceland,ISL,2017,72976.3729990975,343400.0,82.6609756097561
Iceland,ISL,2018,75633.8651351915,352721.0,82.8609756097561
Iceland,ISL,2019,69296.3144361601,360563.0,83.1634146341463
India,IND,2015,1583.99815907985,1328024498.0,69.326
India,IND,2016,1707.50892912243,1343944296.0,69.709
India,IND,2017,1950.10468280866,1359657400.0,70.068
India,IND,2018,1966.25455171679,1374659064.0,70.415
India,IND,2019,2041.42863698585,1389030312.0,70.746
Indonesia,IDN,2015,3288.22269725538,261799249.0,69.52
Indonesia,IDN,2016,3521.46943457574,264627418.0,69.733
Indonesia,IDN,2017,3798.88326174526,267346658.0,69.953
Indonesia,IDN,2018,3860.95353090726,269951846.0,70.08
Indonesia,IDN,2019,4106.94856160358,272489381.0,70.349
"Iran, Islamic Rep.",IRN,2015,4952.73355532178,82619362.0,75.907
"Iran, Islamic Rep.",IRN,2016,5710.59947089104,83812228.0,76.155
"Iran, Islamic Rep.",IRN,2017,6000.93346404409,85026754.0,76.396
"Iran, Islamic Rep.",IRN,2018,4783.01067340237,86117998.0,76.621
"Iran, Islamic Rep.",IRN,2019,3997.4935449585,87051648.0,76.855
Iraq,IRQ,2015,4440.14189252367,37560535.0,69.977
Iraq,IRQ,2016,4334.42096404188,38469627.0,68.683
Iraq,IRQ,2017,4759.2846435467,39337353.0,69.788
Iraq,IRQ,2018,5646.68932074742,40265624.0,71.116
Iraq,IRQ,2019,5671.8568632942,41192171.0,71.245
Ireland,IRL,2015,64250.1385181257,4701957.0,81.4536585365854
Ireland,IRL,2016,64129.5571542383,4762722.0,81.6536585365854
Ireland,IRL,2017,72161.4047531385,4827445.0,82.1560975609756
Ireland,IRL,2018,80804.1123164826,4898022.0,82.2048780487805
Ireland,IRL,2019,81827.6688873996,4976456.0,82.7024390243903
Isle of Man,IMN,2015,84753.5187422732,83593.0,80.267
Isle of Man,IMN,2016,82025.9454509241,83466.0,80.391
Isle of Man,IMN,2017,83481.3038489014,83609.0,80.506
Isle of Man,IMN,2018,89393.8244248812,83805.0,80.614
Isle of Man,IMN,2019,87127.5517977404,83957.0,80.74
Israel,ISR,2015,36213.1041481958,8380100.0,82.0512195121951
Israel,ISR,2016,37671.5389138798,8546000.0,82.4073170731707
Israel,ISR,2017,41138.470964272,8713300.0,82.5512195121951
Israel,ISR,2018,42362.6652754196,8882800.0,82.8024390243903
Israel,ISR,2019,44250.6313628073,9054000.0,82.8048780487805
Italy,ITA,2015,30639.8829751432,60229605.0,82.5439024390244
Italy,ITA,2016,31391.5692898108,60115223.0,83.2439024390244
Italy,ITA,2017,32844.115660604,60002252.0,82.9463414634147
Italy,ITA,2018,34904.1081923834,60148658.0,83.3463414634146
Italy,ITA,2019,33812.788724868,59729081.0,83.4975609756098
Jamaica,JAM,2015,5339.30718256806,2802534.0,72.214
Jamaica,JAM,2016,5302.29553353854,2809915.0,72.052
Jamaica,JAM,2017,5605.43541173019,2815764.0,71.879
Jamaica,JAM,2018,5976.90362644337,2820097.0,71.606
Jamaica,JAM,2019,6030.68896415921,2823271.0,71.532
Japan,JPN,2015,34960.6393843385,127141000.0,83.7939024390244
Japan,JPN,2016,39375.4731620781,127076000.0,83.9848780487805
Japan,JPN,2017,38834.0529341227,126972000.0,84.099756097561
Japan,JPN,2018,39751.1330982711,126811000.0,84.2109756097561
Japan,JPN,2019,40415.9567649547,126633000.0,84.3563414634146
Jordan,JOR,2015,4042.75678097555,9544729.0,75.06
Jordan,JOR,2016,3986.71677010853,10006367.0,75.55
Jordan,JOR,2017,4065.61628749384,10234226.0,76.071
Jordan,JOR,2018,4145.43989673265,10462306.0,76.491
Jordan,JOR,2019,4170.1144003465,10671891.0,76.865
Kazakhstan,KAZ,2015,10196.1226255982,18084169.0,72.024
Kazakhstan,KAZ,2016,7475.56688689424,18363600.0,72.549
Kazakhstan,KAZ,2017,8943.08416791984,18651931.0,72.996
Kazakhstan,KAZ,2018,9472.48527327758,18932727.0,73.369
Kazakhstan,KAZ,2019,9457.12614657136,19209555.0,73.658
Kenya,KEN,2015,1489.11959777284,47088526.0,62.279
Kenya,KEN,2016,1554.12610314423,48139687.0,62.526
Kenya,KEN,2017,1667.48447230835,49197766.0,62.725
Kenya,KEN,2018,1836.45275528993,50207107.0,62.825
Kenya,KEN,2019,1960.40808854893,51202827.0,62.939
Kiribati,KIR,2015,1639.85274740652,116815.0,65.831
Kiribati,KIR,2016,1742.66799324117,118478.0,65.799
Kiribati,KIR,2017,1853.05122713319,120275.0,65.787
Kiribati,KIR,2018,1912.73809378187,122084.0,65.807
Kiribati,KIR,2019,1750.9977188915,123921.0,65.866
"Korea, Dem. People's Rep.",PRK,2015,,25575350.0,72.825
"Korea, Dem. People's Rep.",PRK,2016,,25698326.0,72.971
"Korea, Dem. People's Rep.",PRK,2017,,25817709.0,73.034
"Korea, Dem. People's Rep.",PRK,2018,,25931147.0,73.02
"Korea, Dem. People's Rep.",PRK,2019,,26037632.0,72.928
"Korea, Rep.",KOR,2015,30171.7906545222,51014947.0,82.0243902439024
"Korea, Rep.",KOR,2016,30832.0628072516,51217803.0,82.2756097560976
"Korea, Rep.",KOR,2017,33296.9845439195,51361911.0,82.6268292682927
"Korea, Rep.",KOR,2018,35363.9508228687,51585058.0,82.6268292682927
"Korea, Rep.",KOR,2019,33826.9443301597,51764822.0,83.2268292682927
Kosovo,XKX,2015,3520.62850699375,1788274.0,76.024
Kosovo,XKX,2016,3759.44959067104,1777568.0,76.748
Kosovo,XKX,2017,4009.32022050863,1791019.0,77.105
Kosovo,XKX,2018,4384.18796444738,1797086.0,77.117
Kosovo,XKX,2019,4415.99923011071,1788891.0,77.249
Kuwait,KWT,2015,29882.2126495698,3834574.0,79.3765609756098
Kuwait,KWT,2016,27323.6890735517,4004096.0,79.6775853658537
Kuwait,KWT,2017,29047.6536135703,4154812.0,79.9160731707317
Kuwait,KWT,2018,32067.9623756889,4323515.0,80.1063658536585
Kuwait,KWT,2019,31707.8737443551,4442316.0,81.969756097561
Kyrgyz Republic,KGZ,2015,1105.65193844261,6040036.0,70.6512195121951
Kyrgyz Republic,KGZ,2016,1103.27489428412,6175338.0,70.9512195121951
Kyrgyz Republic,KGZ,2017,1221.39046807082,6306696.0,71.2
Kyrgyz Republic,KGZ,2018,1283.5203037417,6444079.0,71.4
Kyrgyz Republic,KGZ,2019,1421.99927504102,6590211.0,71.6
Lao PDR,LAO,2015,2121.01339097363,6801645.0,66.688
Lao PDR,LAO,2016,2303.22156035363,6908802.0,67.014
Lao PDR,LAO,2017,2432.43059478511,7018147.0,67.345
Lao PDR,LAO,2018,2545.1075420815,7128045.0,67.594
Lao PDR,LAO,2019,2589.32081035237,7237636.0,67.911
Late-demographic dividend,LTE,2015,8331.63270803563,2256126712.0,76.0762328807769
Late-demographic dividend,LTE,2016,8297.33610796797,2270841806.0,76.2928997245812
Late-demographic dividend,LTE,2017,9138.44134545505,2285870134.0,76.4174343501022
Late-demographic dividend,LTE,2018,9966.81160876464,2298394042.0,76.7781489421434
Late-demographic dividend,LTE,2019,10120.3125161359,2308878047.0,76.9979606258316
Latin America & Caribbean,LCN,2015,8547.2373391789,618868462.0,74.7432221893097
Latin America & Caribbean,LCN,2016,8241.45140922665,624737786.0,74.6774848833781
Latin America & Caribbean,LCN,2017,9065.54817792867,630414986.0,74.8318087892113
Latin America & Caribbean,LCN,2018,8778.37906311973,635778081.0,75.052717198381
Latin America & Caribbean,LCN,2019,8539.39776066424,640962372.0,75.2042598654921
Latin America & Caribbean (excluding high income),LAC,2015,8308.73911709951,551075145.0,74.5553955667316
Latin America & Caribbean (excluding high income),LAC,2016,7977.19727122285,556440282.0,74.5306460760941
Latin America & Caribbean (excluding high income),LAC,2017,8827.8501051856,561957179.0,74.7006534427421
Latin America & Caribbean (excluding high income),LAC,2018,8484.48335233409,567711159.0,74.8906731016397
Latin America & Caribbean (excluding high income),LAC,2019,8282.78290882792,573311679.0,75.0513524613511
Latin America & the Caribbean (IDA & IBRD countries),TLA,2015,8404.37747196218,603091701.0,74.6505904118153
Latin America & the Caribbean (IDA & IBRD countries),TLA,2016,8082.02330614142,609017063.0,74.5894794269073
Latin America & the Caribbean (IDA & IBRD countries),TLA,2017,8918.30251254156,614776664.0,74.7614101353626
Latin America & the Caribbean (IDA & IBRD countries),TLA,2018,8620.46890240755,620274430.0,74.9760978010797
Latin America & the Caribbean (IDA & IBRD countries),TLA,2019,8362.63429845968,625467307.0,75.1319711493442
Latvia,LVA,2015,13321.9753140616,1977527.0,74.4804878048781
Latvia,LVA,2016,13838.5266823272,1959537.0,74.580487804878
Latvia,LVA,2017,15132.4958333982,1942248.0,74.6292682926829
Latvia,LVA,2018,17252.1710428626,1927174.0,74.7829268292683
Latvia,LVA,2019,17294.9751600969,1913822.0,75.3878048780488
Least developed countries: UN classification,LDC,2015,982.894810600519,962508256.0,63.3049002618176
Least developed countries: UN classification,LDC,2016,966.721782937566,985414939.0,63.7237270680357
Least developed countries: UN classification,LDC,2017,1035.19428808636,1008993468.0,64.0339755156235
Least developed countries: UN classification,LDC,2018,1080.56177999961,1033110314.0,64.6022757660127
Least developed countries: UN classification,LDC,2019,1105.24693378698,1058013514.0,64.9724534415541
Lebanon,LBN,2015,7714.1099998804,6472469.0,78.275
Lebanon,LBN,2016,8089.012088155,6323060.0,78.306
Lebanon,LBN,2017,8608.21084982387,6160128.0,78.192
Lebanon,LBN,2018,9174.53666204759,5984119.0,78.263
Lebanon,LBN,2019,8905.88005497437,5794594.0,78.208
Lesotho,LSO,2015,1121.19851342518,2104611.0,51.83
Lesotho,LSO,2016,992.491840678465,2130422.0,52.908
Lesotho,LSO,2017,1069.36673247542,2157110.0,53.874
Lesotho,LSO,2018,1170.65569702819,2183603.0,54.638
Lesotho,LSO,2019,1082.05706777516,2209405.0,55.249
Liberia,LBR,2015,692.590082351257,4659431.0,59.248
Liberia,LBR,2016,714.613063145659,4755608.0,60.483
Liberia,LBR,2017,699.269095727404,4848925.0,60.777
Liberia,LBR,2018,692.203127129794,4944726.0,60.999
Liberia,LBR,2019,658.164180770507,5043721.0,61.232
Libya,LBY,2015,7458.48917756374,6531819.0,71.644
Libya,LBY,2016,7525.80299308216,6632126.0,71.799
Libya,LBY,2017,9965.83236729757,6738770.0,72.721
Libya,LBY,2018,11196.5854810844,6849055.0,73.151
Libya,LBY,2019,9963.19489084483,6951033.0,72.941
Liechtenstein,LIE,2015,167187.15730982,37494.0,82.6560975609756
Liechtenstein,LIE,2016,165375.491396259,37716.0,82.2585365853659
Liechtenstein,LIE,2017,170547.092298954,37962.0,83.7463414634147
Liechtenstein,LIE,2018,174988.775083446,38246.0,83.0414634146342
Liechtenstein,LIE,2019,166907.839305016,38563.0,84.1609756097561
Lithuania,LTU,2015,14269.8039878287,2911109.0,74.3219512195122
Lithuania,LTU,2016,14934.2702840428,2877325.0,74.6707317073171
Lithuania,LTU,2017,16800.1510246099,2842639.0,75.4804878048781
Lithuania,LTU,2018,19247.2315367967,2819200.0,75.6804878048781
Lithuania,LTU,2019,19608.7943945553,2811089.0,76.2829268292683
Low & middle income,LMY,2015,4284.85686298442,5941222744.0,70.3675043362779
Low & middle income,LMY,2016,4274.9314240157,6017111688.0,70.605934919215
Low & middle income,LMY,2017,4615.000484095,6093971714.0,70.8079915267906
Low & middle income,LMY,2018,4853.74507668345,6169658713.0,71.1341613587801
Low & middle income,LMY,2019,4943.24879858439,6243562839.0,71.3694842016144
Low income,,2015,740.889503942237,488308267.0,60.9921347017928
Low income,,2016,633.792954627598,501149314.0,61.4016938292427
Low income,,2017,634.710788724745,514890519.0,61.5795083857409
Low income,,2018,645.846067078284,529522043.0,62.3399876414984
Low income,,2019,645.998249720369,544980983.0,62.7974465200669
Lower middle income,,2015,1848.28029294397,2765011526.0,67.3495071977304
Lower middle income,,2016,1895.24399500136,2806590212.0,67.679193904199
Lower middle income,,2017,2026.19304074045,2847931114.0,67.9952915350318
Lower middle income,,2018,2085.0452543512,2888561818.0,68.2810033644819
Lower middle income,,2019,2228.84805859217,2928617292.0,68.5574256254118
Luxembourg,LUX,2015,105462.012584423,569604.0,82.2926829268293
Luxembourg,LUX,2016,106899.293549552,582014.0,82.6853658536585
Luxembourg,LUX,2017,110193.213797228,596336.0,82.0951219512195
Luxembourg,LUX,2018,116926.759593905,607950.0,82.2951219512195
Luxembourg,LUX,2019,112696.649059674,620001.0,82.6390243902439
"Macao SAR, China",MAC,2015,69902.9605741233,642900.0,83.2243902439024
"Macao SAR, China",MAC,2016,68911.6755919628,652500.0,83.2756097560976
"Macao SAR, China",MAC,2017,77570.9876166977,648400.0,83.5268292682927
"Macao SAR, China",MAC,2018,83588.2875009014,658900.0,83.6780487804878
"Macao SAR, China",MAC,2019,81882.6964523869,672000.0,83.9292682926829
Madagascar,MDG,2015,445.320069480568,25426702.0,63.362
Madagascar,MDG,2016,453.970714522463,26099952.0,63.431
Madagascar,MDG,2017,491.866848718929,26788375.0,63.433
Madagascar,MDG,2018,500.45718552916,27494926.0,63.491
Madagascar,MDG,2019,499.818837622534,28219554.0,63.504
Malawi,MWI,2015,539.605363240686,17085587.0,62.324
Malawi,MWI,2016,450.506105510719,17557739.0,63.163
Malawi,MWI,2017,495.769683367165,18039715.0,63.914
Malawi,MWI,2018,533.202567189331,18528081.0,64.464
Malawi,MWI,2019,580.889139762475,19025752.0,64.995
Malaysia,MYS,2015,9648.6797937523,31232798.0,75.288
Malaysia,MYS,2016,9476.53409809923,31789685.0,75.371
Malaysia,MYS,2017,9862.54806612235,32355644.0,75.542
Malaysia,MYS,2018,10901.8019954421,32910967.0,75.734
Malaysia,MYS,2019,10920.191763972,33440596.0,75.9
Maldives,MDV,2015,9644.90655028145,428154.0,78.607
Maldives,MDV,2016,9947.80744731739,443308.0,78.913
Maldives,MDV,2017,10509.628805812,458287.0,79.228
Maldives,MDV,2018,11423.2838427029,473099.0,79.433
Maldives,MDV,2019,11740.2724029785,487731.0,79.707
Mali,MLI,2015,838.11986940103,18593022.0,57.852
Mali,MLI,2016,872.468587171653,19191289.0,58.286
Mali,MLI,2017,924.057531692284,19813011.0,58.562
Mali,MLI,2018,996.379292136901,20442030.0,58.873
Mali,MLI,2019,971.949318638092,21068405.0,59.217
Malta,MLT,2015,25529.6813337717,444220.0,81.8975609756097
Malta,MLT,2016,26459.0770929988,454505.0,82.4536585365854
Malta,MLT,2017,30317.2443175543,467106.0,82.3463414634146
Malta,MLT,2018,33382.2677499267,483903.0,82.2487804878049
Malta,MLT,2019,32421.9179752262,503912.0,82.6585365853659
Marshall Islands,MHL,2015,3764.34426229508,48800.0,65.292
Marshall Islands,MHL,2016,4229.80988911945,47709.0,65.477
Marshall Islands,MHL,2017,4592.83457628576,46529.0,65.673
Marshall Islands,MHL,2018,4858.12079054875,45285.0,65.87
Marshall Islands,MHL,2019,5292.33985502306,44007.0,66.047
Mauritania,MRT,2015,1554.94897871782,3965959.0,66.498
Mauritania,MRT,2016,1565.76575722696,4086657.0,66.823
Mauritania,MRT,2017,1615.00401327323,4210600.0,67.088
Mauritania,MRT,2018,1722.93528854073,4337685.0,67.419
Mauritania,MRT,2019,1767.072710621,4467708.0,67.64
Mauritius,MUS,2015,9630.5437837507,1262879.0,74.3531707317073
Mauritius,MUS,2016,10095.1225574156,1263747.0,74.3948780487805
Mauritius,MUS,2017,10986.7034093005,1264887.0,74.5146341463415
Mauritius,MUS,2018,11818.7480619272,1265577.0,74.4163414634146
Mauritius,MUS,2019,11568.2533399824,1265985.0,74.2358536585366
Mexico,MEX,2015,10021.2386118827,121072306.0,74.431
Mexico,MEX,2016,9097.92397674769,122251351.0,74.376
Mexico,MEX,2017,9649.27816772402,123400057.0,74.261
Mexico,MEX,2018,10084.7937562021,124573711.0,74.301
Mexico,MEX,2019,10369.5553585271,125762982.0,74.53
"Micronesia, Fed. Sts.",FSM,2015,2853.07643587028,108716.0,65.306
"Micronesia, Fed. Sts.",FSM,2016,2979.60119184048,109075.0,65.576
"Micronesia, Fed. Sts.",FSM,2017,3279.10779039285,109481.0,65.761
"Micronesia, Fed. Sts.",FSM,2018,3566.58690371125,109909.0,65.943
"Micronesia, Fed. Sts.",FSM,2019,3572.65918282222,110282.0,66.196
"Middle East, North Africa, Afghanistan & Pakistan",MEA,2015,5125.68064083245,694232973.0,70.1511049169228
"Middle East, North Africa, Afghanistan & Pakistan",MEA,2016,5126.05331639032,707023525.0,70.4289278068117
"Middle East, North Africa, Afghanistan & Pakistan",MEA,2017,5279.47951180077,718887744.0,70.7097575308251
"Middle East, North Africa, Afghanistan & Pakistan",MEA,2018,5545.88899607591,730362334.0,70.9403213532696
"Middle East, North Africa, Afghanistan & Pakistan",MEA,2019,5412.42875673528,742714463.0,71.2438695042576
"Middle East, North Africa, Afghanistan & Pakistan (IDA & IBRD)",TMN,2015,2799.45441811583,631082594.0,69.2515348606398
"Middle East, North Africa, Afghanistan & Pakistan (IDA & IBRD)",TMN,2016,2858.61689096826,641470827.0,69.4961826399098
"Middle East, North Africa, Afghanistan & Pakistan (IDA & IBRD)",TMN,2017,2854.66192638041,652312809.0,69.7772409464567
"Middle East, North Africa, Afghanistan & Pakistan (IDA & IBRD)",TMN,2018,2804.12633142444,663878345.0,70.0368444388331
"Middle East, North Africa, Afghanistan & Pakistan (IDA & IBRD)",TMN,2019,2688.96932958269,675805691.0,70.3800917806817
"Middle East, North Africa, Afghanistan & Pakistan (excluding high income)",MNA,2015,2802.63134980954,635352686.0,69.2873263613117
"Middle East, North Africa, Afghanistan & Pakistan (excluding high income)",MNA,2016,2863.14057781135,645837915.0,69.5328376363007
"Middle East, North Africa, Afghanistan & Pakistan (excluding high income)",MNA,2017,2859.85560174494,656767614.0,69.8141316373328
"Middle East, North Africa, Afghanistan & Pakistan (excluding high income)",MNA,2018,2809.30894215325,668447432.0,70.0733668958653
"Middle East, North Africa, Afghanistan & Pakistan (excluding high income)",MNA,2019,2695.63342343004,680490997.0,70.417484585256
Middle income,MIC,2015,4602.51682691609,5452914477.0,71.2070683012016
Middle income,MIC,2016,4605.60639396078,5515962374.0,71.4421804907715
Middle income,MIC,2017,4982.00575599033,5579081195.0,71.6596834645843
Middle income,MIC,2018,5248.39737081301,5640136670.0,71.9597989462594
Middle income,MIC,2019,5353.79775844374,5698581856.0,72.1892666738243
Moldova,MDA,2015,2749.55137054338,2835978.0,70.118
Moldova,MDA,2016,2847.08794770479,2803186.0,70.179
Moldova,MDA,2017,3453.26727720294,2755189.0,70.375
Moldova,MDA,2018,4156.44981956646,2707203.0,70.236
Moldova,MDA,2019,4405.33418162155,2664224.0,70.181
Monaco,MCO,2015,170437.101188261,36757.0,85.323
Monaco,MCO,2016,173604.753555915,37276.0,85.63
Monaco,MCO,2017,170663.375247872,37678.0,85.878
Monaco,MCO,2018,188298.315668437,38154.0,86.084
Monaco,MCO,2019,193746.785647412,38109.0,86.151
Mongolia,MNG,2015,3838.92126989984,3026864.0,70.810243902439
Mongolia,MNG,2016,3619.90026383792,3088856.0,70.2239024390244
Mongolia,MNG,2017,3645.96708669551,3148917.0,70.5434146341463
Mongolia,MNG,2018,4107.64288528468,3208189.0,70.8270731707317
Mongolia,MNG,2019,4347.54610314873,3267673.0,71.0531707317073
Montenegro,MNE,2015,6421.00307345999,624651.0,76.6024390243903
Montenegro,MNE,2016,6968.01539365317,625353.0,76.5414634146342
Montenegro,MNE,2017,7674.2813940676,625982.0,76.6853658536585
Montenegro,MNE,2018,8673.59128084795,626438.0,77.8853658536585
Montenegro,MNE,2019,8749.02375172644,626753.0,76.6829268292683
Morocco,MAR,2015,3146.24780273438,34607588.0,72.894
Morocco,MAR,2016,3140.85546875,35023457.0,73.228
Morocco,MAR,2017,3296.52661132813,35446392.0,73.608
Morocco,MAR,2018,3501.69799804688,35839760.0,73.946
Morocco,MAR,2019,3508.09765625,36210898.0,74.245
Mozambique,MOZ,2015,610.563774706589,26547572.0,58.711
Mozambique,MOZ,2016,441.489734819071,27337105.0,59.455
Mozambique,MOZ,2017,470.93856305196,28166393.0,60.148
Mozambique,MOZ,2018,517.507260258101,29018644.0,60.79
Mozambique,MOZ,2019,519.09255091362,29884380.0,61.306
Myanmar,MMR,2015,1166.73305547935,51089056.0,65.288
Myanmar,MMR,2016,1229.19713491328,51495696.0,65.64
Myanmar,MMR,2017,1272.82241815234,51894938.0,65.909
Myanmar,MMR,2018,1298.21310327675,52272247.0,66.232
Myanmar,MMR,2019,1425.98954241668,52640713.0,66.457
Namibia,NAM,2015,4774.10650865775,2374300.0,60.008
Namibia,NAM,2016,4395.68776162376,2439213.0,60.81
Namibia,NAM,2017,5143.96072323076,2506853.0,61.661
Namibia,NAM,2018,5308.60813408705,2577327.0,62.579
Namibia,NAM,2019,4731.9210318831,2650494.0,63.546
Nauru,NRU,2015,7747.25584993607,10954.0,60.897
Nauru,NRU,2016,8748.15632605428,11150.0,60.996
Nauru,NRU,2017,9656.97976571484,11324.0,61.101
Nauru,NRU,2018,11413.7463016389,11477.0,61.238
Nauru,NRU,2019,10801.7705659635,11587.0,61.393
Nepal,NPL,2015,875.543635474862,27823629.0,67.374
Nepal,NPL,2016,877.256454696737,27955462.0,68.444
Nepal,NPL,2017,1034.28374906846,28011258.0,68.74
Nepal,NPL,2018,1179.19843190389,28079689.0,69.036
Nepal,NPL,2019,1203.14294706401,28414064.0,69.299
Netherlands,NLD,2015,45793.8135434697,16939923.0,81.509756097561
Netherlands,NLD,2016,46808.5291492503,17030314.0,81.5609756097561
Netherlands,NLD,2017,49513.6817346384,17131296.0,81.7609756097561
Netherlands,NLD,2018,53955.0770024266,17231624.0,81.8121951219512
Netherlands,NLD,2019,53554.9007491475,17344874.0,82.1121951219512
New Caledonia,NCL,2015,30858.7237060533,283168.0,77.206
New Caledonia,NCL,2016,30782.8544433514,283423.0,77.359
New Caledonia,NCL,2017,32354.7102832901,283546.0,77.504
New Caledonia,NCL,2018,34902.8968780031,283541.0,77.557
New Caledonia,NCL,2019,33411.3358835672,283606.0,77.262
New Zealand,NZL,2015,38665.3723018158,4609400.0,81.6124390243903
New Zealand,NZL,2016,40113.7195382428,4714100.0,81.6585365853659
New Zealand,NZL,2017,42950.3841711138,4813600.0,81.8585365853659
New Zealand,NZL,2018,43257.0769238879,4900600.0,81.7073170731707
New Zealand,NZL,2019,42855.831861632,4970300.0,82.0560975609756
Nicaragua,NIC,2015,2074.45620634731,6149417.0,72.899
Nicaragua,NIC,2016,2131.68704828322,6232666.0,73.18
Nicaragua,NIC,2017,2182.61380995674,6316231.0,73.389
Nicaragua,NIC,2018,2035.16549390507,6400080.0,73.879
Nicaragua,NIC,2019,1958.62051528095,6483657.0,73.764
Niger,NER,2015,485.662574175279,19939498.0,58.85
Niger,NER,2016,502.706475406446,20685753.0,59.228
Niger,NER,2017,521.804130023434,21435446.0,59.524
Niger,NER,2018,578.568035680892,22188069.0,59.765
Niger,NER,2019,561.691304349698,22947757.0,60.031
Nigeria,NGA,2015,2585.73360671797,190671878.0,51.939
Nigeria,NGA,2016,2070.4127339595,195443700.0,52.189
Nigeria,NGA,2017,1876.34027111773,200254579.0,52.397
Nigeria,NGA,2018,2057.87944554011,204938755.0,52.669
Nigeria,NGA,2019,3189.81286498516,209485641.0,53.009
North America,NAC,2015,55285.5686917861,357583083.0,79.0036254654542
North America,NAC,2016,56112.2253713869,360527592.0,78.8800103845064
North America,NAC,2017,58184.8571647569,363217262.0,78.8688036246685
North America,NAC,2018,60890.5689258698,365666028.0,78.9607960728398
North America,NAC,2019,62874.6117089583,367908829.0,79.1334134419141
North Macedonia,MKD,2015,5262.68671928674,1912430.0,75.4024390243902
North Macedonia,MKD,2016,5598.48622617967,1906313.0,75.4
North Macedonia,MKD,2017,5955.2973863451,1898657.0,75.9536585365854
North Macedonia,MKD,2018,6713.98925398989,1889051.0,76.6487804878049
North Macedonia,MKD,2019,6718.85826635458,1876262.0,76.6024390243903
Northern Mariana Islands,MNP,2015,17665.1007493109,51514.0,77.36
Northern Mariana Islands,MNP,2016,24225.474169342,50773.0,77.392
Northern Mariana Islands,MNP,2017,31225.6049960968,49959.0,77.47
Northern Mariana Islands,MNP,2018,26509.3628379893,49077.0,77.51
Northern Mariana Islands,MNP,2019,24496.6652122421,48129.0,77.844
Norway,NOR,2015,74809.9658049898,5188607.0,82.3048780487805
Norway,NOR,2016,70867.3609970749,5234519.0,82.4073170731707
Norway,NOR,2017,76131.8384032764,5276968.0,82.609756097561
Norway,NOR,2018,82792.8427113304,5311916.0,82.7585365853659
Norway,NOR,2019,76430.5889473338,5347896.0,82.9585365853659
Not classified,,2015,,,
Not classified,,2016,,,
Not classified,,2017,,,
Not classified,,2018,,,
Not classified,,2019,,,
OECD members,OED,2015,35779.9123271942,1331675197.0,79.761947694534
OECD members,OED,2016,36229.3490773616,1340142055.0,79.8914226918913
OECD members,OED,2017,37605.2706249889,1348127258.0,79.931058371801
OECD members,OED,2018,39552.695671629,1356470975.0,80.0281711116686
OECD members,OED,2019,39708.8864576635,1364146219.0,80.2450659060679
Oman,OMN,2015,18808.3077921839,4184895.0,79.346
Oman,OMN,2016,17110.1897460545,4390877.0,79.581
Oman,OMN,2017,17820.0661809335,4537396.0,79.748
Oman,OMN,2018,19901.7615642016,4597877.0,79.864
Oman,OMN,2019,19180.1864152801,4591241.0,79.946
Other small states,OSS,2015,10359.1182462574,11722398.0,71.4795830574543
Other small states,OSS,2016,10813.3826960431,11851918.0,71.7745690542754
Other small states,OSS,2017,11950.9740553004,11989367.0,72.1237658150048
Other small states,OSS,2018,13025.990833966,12135267.0,72.4217850423792
Other small states,OSS,2019,12907.6162560274,12281907.0,72.6570116424877
Pacific island small states,PSS,2015,3722.7745565917,2445989.0,68.1166096033138
Pacific island small states,PSS,2016,3856.70459060951,2477794.0,68.2856508563666
Pacific island small states,PSS,2017,4099.79965867267,2509999.0,68.5192875005129
Pacific island small states,PSS,2018,4247.0901276249,2542009.0,68.5825887890247
Pacific island small states,PSS,2019,4136.34140894161,2568656.0,68.6421578303985
Pakistan,PAK,2015,1380.47020838317,217290883.0,65.641
Pakistan,PAK,2016,1424.69161195897,220138869.0,65.943
Pakistan,PAK,2017,1519.23459514248,223273967.0,66.223
Pakistan,PAK,2018,1569.33814626355,226928892.0,66.481
Pakistan,PAK,2019,1390.41690981745,230800899.0,66.729
Palau,PLW,2015,16154.0532152373,17770.0,69.07
Palau,PLW,2016,17150.4759377239,17797.0,69.046
Palau,PLW,2017,16401.7847567871,17812.0,69.019
Palau,PLW,2018,16166.9671073752,17814.0,68.989
Palau,PLW,2019,15846.7968470167,17798.0,68.982
Panama,PAN,2015,14082.6548434996,3960035.0,77.583
Panama,PAN,2016,14832.3611652459,4029086.0,77.772
Panama,PAN,2017,15694.6297518495,4098707.0,77.901
Panama,PAN,2018,16151.3273433486,4167860.0,78.266
Panama,PAN,2019,16477.9066268111,4234700.0,78.514
Papua New Guinea,PNG,2015,2484.5963398603,8743246.0,64.473
Papua New Guinea,PNG,2016,2316.39479758492,8961718.0,64.7
Papua New Guinea,PNG,2017,2477.76530986323,9178714.0,64.923
Papua New Guinea,PNG,2018,2566.36833735041,9394513.0,65.114
Papua New Guinea,PNG,2019,2575.77274140393,9609010.0,65.331
Paraguay,PRY,2015,5879.33792308762,6159103.0,73.454
Paraguay,PRY,2016,5775.15963399596,6249126.0,73.487
Paraguay,PRY,2017,6152.2671153779,6338660.0,73.45
Paraguay,PRY,2018,6258.44991640984,6427382.0,73.627
Paraguay,PRY,2019,5821.18199548738,6515058.0,73.668
Peru,PER,2015,6231.71150338894,30457600.0,75.732
Peru,PER,2016,6217.03599995447,30866494.0,75.951
Peru,PER,2017,6736.16693725487,31324637.0,75.958
Peru,PER,2018,6978.49121548627,31897584.0,76.018
Peru,PER,2019,7037.00803692604,32449303.0,76.275
Philippines,PHL,2015,2909.85818010301,105312992.0,69.45
Philippines,PHL,2016,2985.19564024046,106735719.0,69.49
Philippines,PHL,2017,3038.12124959289,108119693.0,69.966
Philippines,PHL,2018,3168.51036609727,109465287.0,69.761
Philippines,PHL,2019,3400.78949767074,110804683.0,69.68
Poland,POL,2015,12637.5220324406,37986412.0,77.4512195121951
Poland,POL,2016,12464.0110508476,37970087.0,77.8512195121951
Poland,POL,2017,13913.3402919927,37974826.0,77.7536585365854
Poland,POL,2018,15658.2120316794,37974750.0,77.6024390243903
Poland,POL,2019,15874.5220531254,37965475.0,77.9048780487805
Portugal,PRT,2015,19215.7813014347,10358076.0,81.1243902439025
Portugal,PRT,2016,19980.2808866516,10325452.0,81.1243902439025
Portugal,PRT,2017,21442.3842768879,10300300.0,81.4243902439025
Portugal,PRT,2018,23541.1401075289,10283822.0,81.3243902439024
Portugal,PRT,2019,23343.3628970034,10286263.0,81.6756097560976
Post-demographic dividend,PST,2015,40775.9479386213,1097890139.0,80.4400997313335
Post-demographic dividend,PST,2016,41502.2222895522,1102966925.0,80.6112411501517
Post-demographic dividend,PST,2017,43114.2688521392,1107161559.0,80.6650553844053
Post-demographic dividend,PST,2018,45535.8018785923,1111377470.0,80.7442826647034
Post-demographic dividend,PST,2019,45840.3536114764,1114898817.0,80.9700846681541
Pre-demographic dividend,PRE,2015,1524.98608713796,870587800.0,58.93626650033
Pre-demographic dividend,PRE,2016,1316.74567214685,895239872.0,59.2363562400827
Pre-demographic dividend,PRE,2017,1338.96011884626,920568701.0,59.5402350736624
Pre-demographic dividend,PRE,2018,1449.85562070843,946317177.0,60.2074724802348
Pre-demographic dividend,PRE,2019,1681.19065754666,972302503.0,60.5568008955552
Puerto Rico (US),PRI,2015,29242.041465085,3535167.0,80.677
Puerto Rico (US),PRI,2016,29978.0889268918,3480432.0,80.355
Puerto Rico (US),PRI,2017,30328.479490518,3410837.0,79.07
Puerto Rico (US),PRI,2018,30679.9181934488,3290690.0,81.086
Puerto Rico (US),PRI,2019,31830.5284993358,3302691.0,81.438
Qatar,QAT,2015,68985.2433380102,2344557.0,81.785
Qatar,QAT,2016,61253.6217997091,2477113.0,82.147
Qatar,QAT,2017,63279.8767486216,2545820.0,82.458
Qatar,QAT,2018,71039.9308240078,2580734.0,82.714
Qatar,QAT,2019,66841.3623185691,2638657.0,82.945
Romania,ROU,2015,8977.01748158196,19815616.0,74.9121951219512
Romania,ROU,2016,9404.54005870715,19702267.0,75.209756097561
Romania,ROU,2017,10727.9822007426,19588715.0,75.209756097561
Romania,ROU,2018,12416.134317959,19473970.0,75.3585365853659
Romania,ROU,2019,12909.6104013244,19371648.0,75.6073170731707
Russian Federation,RUS,2015,9277.7138671875,144640716.0,71.1834146341463
Russian Federation,RUS,2016,8663.158203125,145015460.0,71.6512195121951
Russian Federation,RUS,2017,10658.9130859375,145293260.0,72.4514634146342
Russian Federation,RUS,2018,11211.8876953125,145398106.0,72.6621951219512
Russian Federation,RUS,2019,11447.701171875,145453291.0,73.0839024390244
Rwanda,RWA,2015,733.998629882494,11640022.0,65.419
Rwanda,RWA,2016,729.519133812945,11919183.0,65.733
Rwanda,RWA,2017,758.300966509647,12202060.0,66.14
Rwanda,RWA,2018,771.773511207309,12487996.0,66.354
Rwanda,RWA,2019,810.051412137354,12776103.0,66.691
Samoa,WSM,2015,4084.36083819933,201782.0,71.06
Samoa,WSM,2016,4147.07097674888,203499.0,71.003
Samoa,WSM,2017,4307.59381964907,205415.0,70.991
Samoa,WSM,2018,4231.81409469194,207582.0,71.052
Samoa,WSM,2019,4351.94234943706,209780.0,70.269
San Marino,SMR,2015,43146.8240435428,32897.0,84.596
San Marino,SMR,2016,44359.4797662688,33101.0,84.775
San Marino,SMR,2017,45192.0279766943,33825.0,84.933
San Marino,SMR,2018,47950.6880557136,34522.0,85.095
San Marino,SMR,2019,46630.1443120725,34663.0,85.257
Sao Tome and Principe,STP,2015,1298.10946596396,200291.0,66.023
Sao Tome and Principe,STP,2016,1434.87018050521,203689.0,66.563
Sao Tome and Principe,STP,2017,1555.79477812888,206970.0,67.074
Sao Tome and Principe,STP,2018,1825.59971753966,210187.0,67.602
Sao Tome and Principe,STP,2019,1935.2931816596,213392.0,68.043
Saudi Arabia,SAU,2015,23256.1549553531,29816382.0,77.776
Saudi Arabia,SAU,2016,22267.7217050387,30954198.0,78.354
Saudi Arabia,SAU,2017,23929.2907135982,30977355.0,78.721
Saudi Arabia,SAU,2018,29360.0658968566,30196281.0,78.75
Saudi Arabia,SAU,2019,29566.7933827436,30063799.0,78.313
Senegal,SEN,2015,1218.00613555438,14593331.0,66.451
Senegal,SEN,2016,1266.43957151587,15034521.0,66.724
Senegal,SEN,2017,1356.80518449031,15475002.0,67.059
Senegal,SEN,2018,1452.55612562445,15914498.0,67.379
Senegal,SEN,2019,1431.18128932159,16352922.0,67.668
Serbia,SRB,2015,5820.3215576888,7095383.0,75.2878048780488
Serbia,SRB,2016,5982.37030126471,7058322.0,75.6878048780488
Serbia,SRB,2017,6548.03653824187,7020858.0,75.5390243902439
Serbia,SRB,2018,7559.86165747394,6982604.0,75.890243902439
Serbia,SRB,2019,7755.632986437,6945235.0,75.9365853658537
Seychelles,SYC,2015,15333.1051727105,93419.0,74.2951219512195
Seychelles,SYC,2016,16566.9946042294,94677.0,74.309756097561
Seychelles,SYC,2017,17480.3651911372,95843.0,74.3
Seychelles,SYC,2018,18440.2340460932,96762.0,72.8414634146341
Seychelles,SYC,2019,19141.5118743615,97625.0,74.0463414634146
Sierra Leone,SLE,2015,964.575980888989,7037655.0,55.454
Sierra Leone,SLE,2016,844.416411175476,7205328.0,56.937
Sierra Leone,SLE,2017,779.186007841728,7379299.0,57.761
Sierra Leone,SLE,2018,845.914540460932,7554563.0,59.059
Sierra Leone,SLE,2019,843.712517809977,7731991.0,59.593
Singapore,SGP,2015,55645.6068614606,5535002.0,82.7439024390244
Singapore,SGP,2016,57005.5887176547,5607283.0,82.8463414634146
Singapore,SGP,2017,61236.251270627,5612253.0,83.0951219512195
Singapore,SGP,2018,66881.6067035265,5638676.0,83.2975609756098
Singapore,SGP,2019,65952.0378959293,5703569.0,83.5951219512195
Sint Maarten (Dutch part),SXM,2015,37839.6283815163,37471.0,75.899
Sint Maarten (Dutch part),SXM,2016,37308.6147795736,38249.0,75.952
Sint Maarten (Dutch part),SXM,2017,34701.3058494468,38996.0,75.455
Sint Maarten (Dutch part),SXM,2018,31708.3110124742,39712.0,75.693
Sint Maarten (Dutch part),SXM,2019,34861.469528968,40385.0,75.68
Slovak Republic,SVK,2015,16442.0760860018,5423801.0,76.5634146341463
Slovak Republic,SVK,2016,16636.0769133073,5430798.0,77.1658536585366
Slovak Republic,SVK,2017,17645.5298716761,5439232.0,77.1658536585366
Slovak Republic,SVK,2018,19573.3717031314,5446771.0,77.2658536585366
Slovak Republic,SVK,2019,19406.0589683582,5454147.0,77.6658536585366
Slovenia,SVN,2015,20697.2748530619,2063531.0,80.7756097560976
Slovenia,SVN,2016,21447.8377796036,2065042.0,81.1756097560976
Slovenia,SVN,2017,23303.077705959,2066388.0,81.0292682926829
Slovenia,SVN,2018,25888.0481065655,2073894.0,81.3780487804878
Slovenia,SVN,2019,25814.1687167572,2088385.0,81.5292682926829
Small states,SST,2015,10446.850341907,18482578.0,71.1242805019157
Small states,SST,2016,10486.2161094903,18671045.0,71.3759850327933
Small states,SST,2017,11304.5050810878,18865506.0,71.6556194082548
Small states,SST,2018,12057.788581183,19084934.0,71.8640735615265
Small states,SST,2019,11990.4670996465,19293697.0,72.0009607335469
Solomon Islands,SLB,2015,2045.47721526649,639415.0,69.323
Solomon Islands,SLB,2016,2082.62383124213,662379.0,69.501
Solomon Islands,SLB,2017,2143.57670489272,685672.0,69.652
Solomon Islands,SLB,2018,2278.19908624102,709101.0,69.806
Solomon Islands,SLB,2019,2223.65890942466,728147.0,69.981
"Somalia, Fed. Rep.",SOM,2015,445.583080073396,13806963.0,55.056
"Somalia, Fed. Rep.",SOM,2016,460.928490585175,14348740.0,55.283
"Somalia, Fed. Rep.",SOM,2017,510.939952317726,14916629.0,52.19
"Somalia, Fed. Rep.",SOM,2018,509.497273804534,15452487.0,54.767
"Somalia, Fed. Rep.",SOM,2019,539.954816211694,16030971.0,57.249
South Africa,ZAF,2015,6112.27382485974,56723537.0,64.053
South Africa,ZAF,2016,5651.20585165749,57259551.0,64.749
South Africa,ZAF,2017,6618.33508255701,57635162.0,65.422
South Africa,ZAF,2018,6914.1780318076,58613001.0,65.726
South Africa,ZAF,2019,6533.71121032856,59587885.0,66.071
South Asia,SAS,2015,1570.54142462917,1537370078.0,69.5110334122263
South Asia,SAS,2016,1722.90703415144,1555111864.0,69.9184707063298
South Asia,SAS,2017,1956.06707554186,1572520427.0,70.2904723380061
South Asia,SAS,2018,1988.3663331799,1589164714.0,70.6523573971364
South Asia,SAS,2019,2067.05975687637,1605412986.0,70.9975623145981
South Asia (IDA & IBRD),TSA,2015,1570.54142462917,1537370078.0,69.5110334122263
South Asia (IDA & IBRD),TSA,2016,1722.90703415144,1555111864.0,69.9184707063298
South Asia (IDA & IBRD),TSA,2017,1956.06707554186,1572520427.0,70.2904723380061
South Asia (IDA & IBRD),TSA,2018,1988.3663331799,1589164714.0,70.6523573971364
South Asia (IDA & IBRD),TSA,2019,2067.05975687637,1605412986.0,70.9975623145981
South Sudan,SSD,2015,1080.14718624765,11107561.0,39.757
South Sudan,SSD,2016,,10830102.0,36.72
South Sudan,SSD,2017,,10259154.0,35.351
South Sudan,SSD,2018,,10122977.0,51.905
South Sudan,SSD,2019,,10423384.0,58.129
Spain,ESP,2015,25982.4416197775,46422303.0,82.8317073170732
Spain,ESP,2016,26755.6061149398,46458139.0,83.3292682926829
Spain,ESP,2017,28381.3425596906,46571232.0,83.2829268292683
Spain,ESP,2018,30602.4212881113,46782011.0,83.4317073170732
Spain,ESP,2019,29786.5245689007,47118501.0,83.8317073170732
Sri Lanka,LKA,2015,4057.7158346231,20970000.0,75.99
Sri Lanka,LKA,2016,4149.19190775593,21209000.0,76.136
Sri Lanka,LKA,2017,4398.88828068715,21453000.0,76.239
Sri Lanka,LKA,2018,4358.56095906047,21670000.0,76.485
Sri Lanka,LKA,2019,4081.94772722003,21803000.0,76.698
St. Kitts and Nevis,KNA,2015,20328.8003530109,47087.0,71.211
St. Kitts and Nevis,KNA,2016,21387.5415511103,47075.0,71.227
St. Kitts and Nevis,KNA,2017,22464.9899633959,47050.0,71.284
St. Kitts and Nevis,KNA,2018,22901.3816403197,47008.0,71.336
St. Kitts and Nevis,KNA,2019,23595.4923231291,46952.0,71.54
St. Lucia,LCA,2015,10334.9860823918,174905.0,72.932
St. Lucia,LCA,2016,10638.1269396653,175646.0,72.552
St. Lucia,LCA,2017,11333.1123822102,176342.0,72.522
St. Lucia,LCA,2018,11642.6984727769,177017.0,72.655
St. Lucia,LCA,2019,11794.0597229805,177661.0,72.249
St. Martin (French part),MAF,2015,,37369.0,79.829
St. Martin (French part),MAF,2016,,37175.0,79.885
St. Martin (French part),MAF,2017,,36837.0,78.762
St. Martin (French part),MAF,2018,,36012.0,80.029
St. Martin (French part),MAF,2019,19033.0649634889,34267.0,80.078
St. Vincent and the Grenadines,VCT,2015,7353.73556054184,106960.0,70.463
St. Vincent and the Grenadines,VCT,2016,7656.90042881178,106349.0,70.7
St. Vincent and the Grenadines,VCT,2017,7988.04445019298,105663.0,71.013
St. Vincent and the Grenadines,VCT,2018,8428.12677153069,104926.0,71.017
St. Vincent and the Grenadines,VCT,2019,8740.59425232061,104167.0,70.994
Sub-Saharan Africa,SSF,2015,1646.44941139316,1025251114.0,59.398721466191
Sub-Saharan Africa,SSF,2016,1455.03525304571,1052824144.0,59.8121001978138
Sub-Saharan Africa,SSF,2017,1546.91774199323,1080941647.0,60.1584015341066
Sub-Saharan Africa,SSF,2018,1620.54140805919,1109997000.0,60.7667275136709
Sub-Saharan Africa,SSF,2019,1795.5612786554,1139315618.0,61.1293218424873
Sub-Saharan Africa (IDA & IBRD countries),TSS,2015,1646.44941139316,1025251114.0,59.398721466191
Sub-Saharan Africa (IDA & IBRD countries),TSS,2016,1455.03525304571,1052824144.0,59.8121001978138
Sub-Saharan Africa (IDA & IBRD countries),TSS,2017,1546.91774199323,1080941647.0,60.1584015341065
Sub-Saharan Africa (IDA & IBRD countries),TSS,2018,1620.54140805919,1109997000.0,60.7667275136709
Sub-Saharan Africa (IDA & IBRD countries),TSS,2019,1795.5612786554,1139315618.0,61.1293218424873
Sub-Saharan Africa (excluding high income),SSA,2015,1763.27463036367,921290560.0,58.9244569362249
Sub-Saharan Africa (excluding high income),SSA,2016,1545.27948291265,946011305.0,59.3199433875513
Sub-Saharan Africa (excluding high income),SSA,2017,1641.39239957439,971179323.0,59.6367115940116
Sub-Saharan Africa (excluding high income),SSA,2018,1718.42346098448,997236086.0,60.2582610385453
Sub-Saharan Africa (excluding high income),SSA,2019,1907.22499436387,1023480610.0,60.6065912895076
Sudan,SDN,2015,1292.37963867188,40024431.0,64.375
Sudan,SDN,2016,1033.21594238281,41259892.0,64.677
Sudan,SDN,2017,966.505676269531,42714306.0,65.146
Sudan,SDN,2018,731.027465820313,44230596.0,65.501
Sudan,SDN,2019,709.975280761719,45548175.0,65.803
Suriname,SUR,2015,8813.61705392067,581627.0,70.567
Suriname,SUR,2016,5644.2061057532,587757.0,70.979
Suriname,SUR,2017,6049.52128553675,593713.0,71.247
Suriname,SUR,2018,6665.74180472239,599513.0,71.468
Suriname,SUR,2019,6629.66775248603,605768.0,71.773
Sweden,SWE,2015,51188.1652120493,9799186.0,82.2048780487805
Sweden,SWE,2016,51703.5088332851,9923085.0,82.3073170731707
Sweden,SWE,2017,53210.2233318965,10057698.0,82.409756097561
Sweden,SWE,2018,54018.4554391861,10175214.0,82.5585365853659
Sweden,SWE,2019,51648.9892820514,10278887.0,83.109756097561
Switzerland,CHE,2015,83806.4476003837,8282396.0,82.8975609756098
Switzerland,CHE,2016,82153.0745447889,8373338.0,83.6024390243903
Switzerland,CHE,2017,82254.3769269767,8451840.0,83.5512195121951
Switzerland,CHE,2018,85217.3691512274,8514329.0,83.7536585365854
Switzerland,CHE,2019,84121.9310304414,8575280.0,83.9048780487805
Syrian Arab Republic,SYR,2015,847.731631942565,19424618.0,63.265
Syrian Arab Republic,SYR,2016,656.3490586313,19193834.0,65.19
Syrian Arab Republic,SYR,2017,851.502005254153,19224668.0,65.651
Syrian Arab Republic,SYR,2018,1098.0668642357,19577845.0,67.371
Syrian Arab Republic,SYR,2019,1109.53926036049,20353534.0,70.97
Tajikistan,TJK,2015,956.916310930656,8643840.0,69.665
Tajikistan,TJK,2016,788.710481734485,8865631.0,69.982
Tajikistan,TJK,2017,829.45714764957,9085946.0,70.524
Tajikistan,TJK,2018,834.288404578801,9307333.0,70.737
Tajikistan,TJK,2019,871.022372934846,9529966.0,70.962
Tanzania,TZA,2015,939.127319335938,52020962.0,63.928
Tanzania,TZA,2016,953.0107421875,53824013.0,64.404
Tanzania,TZA,2017,986.674011230469,55652890.0,64.963
Tanzania,TZA,2018,1023.10626220703,57437145.0,65.488
Tanzania,TZA,2019,1063.32250976563,59174891.0,66.007
Thailand,THA,2015,5688.85335397884,70540795.0,76.563
Thailand,THA,2016,5833.57715617098,70859841.0,76.769
Thailand,THA,2017,6413.09182530343,71160187.0,76.989
Thailand,THA,2018,7099.77650081458,71376079.0,77.19
Thailand,THA,2019,7605.69657797759,71522271.0,77.197
Timor-Leste,TLS,2015,1319.59295003154,1205131.0,65.326
Timor-Leste,TLS,2016,1335.54391073349,1228312.0,65.61
Timor-Leste,TLS,2017,1266.17771143471,1251703.0,65.898
Timor-Leste,TLS,2018,1219.46599728983,1275959.0,66.204
Timor-Leste,TLS,2019,1562.36458068032,1300945.0,66.496
Togo,TGO,2015,751.051987587248,7663195.0,59.22
Togo,TGO,2016,772.581357620609,7858289.0,59.669
Togo,TGO,2017,792.765700965864,8057140.0,60.135
Togo,TGO,2018,851.120561233595,8258778.0,60.601
Togo,TGO,2019,826.255209019798,8463068.0,61.055
Tonga,TON,2015,4123.90323993332,106095.0,71.851
Tonga,TON,2016,3987.98626206287,105524.0,71.951
Tonga,TON,2017,4365.92932788383,105356.0,72.066
Tonga,TON,2018,4675.04791274385,105567.0,72.169
Tonga,TON,2019,4788.83342304684,105669.0,72.292
Trinidad and Tobago,TTO,2015,19887.2327716498,1349667.0,72.882
Trinidad and Tobago,TTO,2016,17449.1538801956,1353895.0,72.935
Trinidad and Tobago,TTO,2017,17566.0999700656,1356633.0,72.984
Trinidad and Tobago,TTO,2018,17571.498737278,1359193.0,72.658
Trinidad and Tobago,TTO,2019,17212.6128892163,1363985.0,72.836
Tunisia,TUN,2015,4014.94773686432,11402264.0,74.875
Tunisia,TUN,2016,3847.80354448809,11528674.0,75.007
Tunisia,TUN,2017,3619.03247319953,11650498.0,75.177
Tunisia,TUN,2018,3628.10366464236,11765514.0,75.37
Tunisia,TUN,2019,3528.87213306798,11875081.0,75.599
Turkiye,TUR,2015,11064.6494504662,78218479.0,76.539
Turkiye,TUR,2016,10984.3643169061,79277962.0,76.595
Turkiye,TUR,2017,10756.3877677883,80312698.0,77.037
Turkiye,TUR,2018,9684.11819884721,81407204.0,77.454
Turkiye,TUR,2019,9395.23378001368,82579440.0,77.737
Turkmenistan,TKM,2015,5759.497903834,6215770.0,69.061
Turkmenistan,TKM,2016,5686.98040962764,6360041.0,69.142
Turkmenistan,TKM,2017,5828.4816623489,6507061.0,69.19
Turkmenistan,TKM,2018,6125.05169712085,6655524.0,69.272
Turkmenistan,TKM,2019,5998.0017434754,6803944.0,69.405
Turks and Caicos Islands,TCA,2015,29457.0140691162,36605.0,77.321
Turks and Caicos Islands,TCA,2016,31373.5612684327,38315.0,77.437
Turks and Caicos Islands,TCA,2017,30014.2309523213,39913.0,77.505
Turks and Caicos Islands,TCA,2018,31625.616593277,41559.0,77.596
Turks and Caicos Islands,TCA,2019,31780.5217068989,43166.0,77.691
Tuvalu,TUV,2015,3357.83417700071,10963.0,65.365
Tuvalu,TUV,2016,3808.69755015909,10930.0,65.51
Tuvalu,TUV,2017,4165.66338700106,10869.0,65.683
Tuvalu,TUV,2018,4466.12034928245,10751.0,65.871
Tuvalu,TUV,2019,5115.13075950206,10581.0,66.109
Uganda,UGA,2015,862.934610355811,37531446.0,63.831
Uganda,UGA,2016,752.696571725656,38799152.0,64.494
Uganda,UGA,2017,765.218332297361,40177388.0,65.174
Uganda,UGA,2018,792.16570022814,41565831.0,65.775
Uganda,UGA,2019,822.171150036357,42999637.0,66.354
Ukraine,UKR,2015,2094.47387695313,45784896.0,72.686
Ukraine,UKR,2016,2158.46118164063,45616832.0,73.389
Ukraine,UKR,2017,2604.28759765625,45436041.0,73.993
Ukraine,UKR,2018,3059.0517578125,45208907.0,73.569
Ukraine,UKR,2019,3619.86157226563,44957458.0,73.92
United Arab Emirates,ARE,2015,44910.334995523,8505237.0,82.076
United Arab Emirates,ARE,2016,42721.0999383185,8935095.0,82.195
United Arab Emirates,ARE,2017,43733.6192287435,9223225.0,82.388
United Arab Emirates,ARE,2018,47135.3591943971,9346701.0,82.449
United Arab Emirates,ARE,2019,45938.6073581994,9445785.0,82.596
United Kingdom,GBR,2015,45255.3449216209,65088000.0,80.9560975609756
United Kingdom,GBR,2016,41257.9085545556,65607000.0,81.1560975609756
United Kingdom,GBR,2017,40916.8115070354,65966000.0,81.2560975609756
United Kingdom,GBR,2018,43702.9976303165,66289000.0,81.2560975609756
United Kingdom,GBR,2019,43158.7411267323,66631000.0,81.3691219512195
United States,USA,2015,56572.9188996063,321815121.0,78.690243902439
United States,USA,2016,57638.1018367192,324353340.0,78.5390243902439
United States,USA,2017,59635.0984397965,326608609.0,78.5390243902439
United States,USA,2018,62499.8744390068,328529577.0,78.6390243902439
United States,USA,2019,64746.4506778863,330226227.0,78.7878048780488
Upper middle income,,2015,7435.76486473308,2687902951.0,75.1752922690271
Upper middle income,,2016,7413.22237473365,2709372162.0,75.3401910593771
Upper middle income,,2017,8064.20583627107,2731150081.0,75.4807608424492
Upper middle income,,2018,8569.23675625056,2751574852.0,75.8217431147146
Upper middle income,,2019,8657.73234539015,2769964564.0,76.0291253616976
Uruguay,URY,2015,17125.9016800298,3368017.0,77.285
Uruguay,URY,2016,17009.7584207276,3379283.0,77.351
Uruguay,URY,2017,19184.6502617082,3388438.0,77.618
Uruguay,URY,2018,19249.9404677501,3394534.0,77.527
Uruguay,URY,2019,18315.7316980028,3397206.0,77.503
Uzbekistan,UZB,2015,2803.19018021751,30749346.0,71.33
Uzbekistan,UZB,2016,2753.37951427589,31284568.0,71.58
Uzbekistan,UZB,2017,2190.60411562888,31819178.0,71.737
Uzbekistan,UZB,2018,1813.08530813664,32373490.0,71.999
Uzbekistan,UZB,2019,2041.38480729431,32964701.0,72.093
Vanuatu,VUT,2015,2854.89412272653,266101.0,70.163
Vanuatu,VUT,2016,2956.12644801489,272087.0,70.397
Vanuatu,VUT,2017,3159.86055790126,278507.0,70.5
Vanuatu,VUT,2018,3206.65748718811,285259.0,70.626
Vanuatu,VUT,2019,3207.44650452083,291985.0,70.783
"Venezuela, RB",VEN,2015,4103.1384987005,30573972.0,73.004
"Venezuela, RB",VEN,2016,3670.15737848208,30765720.0,72.002
"Venezuela, RB",VEN,2017,3791.33160682077,30565323.0,71.903
"Venezuela, RB",VEN,2018,3422.65467014854,29807592.0,72.641
"Venezuela, RB",VEN,2019,2523.11275230667,28938098.0,72.766
Viet Nam,VNM,2015,2577.56885340113,92823254.0,73.955
Viet Nam,VNM,2016,2735.0604380416,94000117.0,73.984
Viet Nam,VNM,2017,2956.10992127753,95176977.0,74.026
Viet Nam,VNM,2018,3222.31003125366,96237319.0,74.1
Viet Nam,VNM,2019,3440.90025375434,97173776.0,74.211
Virgin Islands (U.S.),VIR,2015,34007.3529411765,107712.0,79.0170731707317
Virgin Islands (U.S.),VIR,2016,35324.9748874586,107516.0,79.1682926829268
Virgin Islands (U.S.),VIR,2017,35365.0693039774,107281.0,79.3682926829268
Virgin Islands (U.S.),VIR,2018,36663.2087550584,107001.0,79.5195121951219
Virgin Islands (U.S.),VIR,2019,38633.5298915336,106669.0,79.6682926829268
West Bank and Gaza,PSE,2015,3272.15432360708,4270092.0,74.577
West Bank and Gaza,PSE,2016,3527.61382413178,4367088.0,74.917
West Bank and Gaza,PSE,2017,3620.36048715937,4454805.0,75.216
West Bank and Gaza,PSE,2018,3562.33094270256,4569087.0,75.38
West Bank and Gaza,PSE,2019,3656.85827137011,4685306.0,75.811
World,WLD,2015,10161.9445773234,7441677465.0,71.9646261474589
World,WLD,2016,10204.9287763386,7528879985.0,72.1847345079995
World,WLD,2017,10747.764306505,7614523410.0,72.3651515431591
World,WLD,2018,11309.3830773178,7697233736.0,72.6433904952398
World,WLD,2019,11376.0818134476,7778008621.0,72.8686568501624
"Yemen, Rep.",YEM,2015,1362.1738120601,31159379.0,66.761
"Yemen, Rep.",YEM,2016,975.359417003225,32109010.0,67.105
"Yemen, Rep.",YEM,2017,811.165970405745,33090921.0,67.12
"Yemen, Rep.",YEM,2018,633.887202451545,34085182.0,65.915
"Yemen, Rep.",YEM,2019,,35111408.0,66.567
Zambia,ZMB,2015,1295.87788680068,16399089.0,60.728
Zambia,ZMB,2016,1239.08527877713,16914423.0,61.129
Zambia,ZMB,2017,1483.46577328065,17441320.0,61.564
Zambia,ZMB,2018,1463.89997855593,17973569.0,62.138
Zambia,ZMB,2019,1258.98619844462,18513839.0,62.914
Zimbabwe,ZWE,2015,1387.12632595026,14399013.0,58.989
Zimbabwe,ZWE,2016,1408.13945253431,14600294.0,59.76
Zimbabwe,ZWE,2017,3445.44941020134,14812482.0,60.263
Zimbabwe,ZWE,2018,2270.89531874302,15034452.0,60.906
Zimbabwe,ZWE,2019,2184.32923855469,15271368.0,61.06
